departure_spot_id,sight_seeing_spot_id,departure_spot_name,sight_seeing_spot_name,distance,time,fee
0,0,東京駅,東京スカイツリー（Ｒ）,6783,24,0
0,1,東京駅,東京タワー,3589,12,0
0,2,東京駅,東京ドーム,3731,14,0
0,3,東京駅,上野恩賜公園,4428,18,0
0,4,東京駅,横浜ランドマークタワー,34125,42,1230.0
0,5,東京駅,東京国立博物館,5716,21,0
0,6,東京駅,松本城,228818,175,5800.0
0,7,東京駅,国立科学博物館,5523,20,0
0,8,東京駅,代々木公園,8801,27,0
0,9,東京駅,山下公園,36922,47,1300.0
0,10,東京駅,あしかがフラワーパーク,96665,92,2780.0
0,11,東京駅,国営ひたち海浜公園,126433,102,4080.0
0,12,東京駅,富士急ハイランド,112275,95,3270.0
0,13,東京駅,靖国神社,3505,12,0
0,14,東京駅,大涌谷,100709,95,2650.0
0,15,東京駅,箱根西麓・三島大吊橋　三島スカイウォーク,132685,111,3700.0
0,16,東京駅,国立新美術館,5053,17,0
0,17,東京駅,さいたまスーパーアリーナ,34184,44,1210.0
0,18,東京駅,華厳ノ滝,176819,143,4420.0
0,19,東京駅,鶴ヶ城,301160,227,7260.0
0,20,東京駅,葛西臨海公園,14157,23,550.0
0,21,東京駅,横浜・八景島シーパラダイス,50875,62,1690.0
0,22,東京駅,成田山新勝寺,74180,72,2480.0
0,23,東京駅,三井アウトレットパーク　木更津,42184,45,1530.0
0,24,東京駅,箱根神社,100774,92,2650.0
0,25,東京駅,都立芝公園,4092,13,0
0,26,東京駅,大内宿,252527,216,5400.0
0,27,東京駅,マクセル　アクアパーク品川,7200,23,0
0,28,東京駅,鴨川シーワールド,93473,106,2260.0
0,29,東京駅,東京駅一番街,1166,5,0
0,30,東京駅,アクアワールド茨城県大洗水族館,124951,110,3810.0
0,31,東京駅,日比谷公園,2515,9,0
0,32,東京駅,新江ノ島水族館,58578,88,1570.0
0,33,東京駅,道の駅　伊東マリンタウン,134278,134,3080.0
0,34,東京駅,国営昭和記念公園,41714,60,1260.0
0,35,東京駅,明治神宮外苑,5595,17,0
0,36,東京駅,湯畑,192029,182,4470.0
0,37,東京駅,よみうりランド,31512,48,1050.0
0,38,東京駅,佐野プレミアム・アウトレット,85535,76,2780.0
0,39,東京駅,桔梗信玄餅工場テーマパーク（見学）,115770,93,3330.0
0,40,東京駅,東京ドームシティ　アトラクションズ,3601,14,0
0,41,東京駅,白糸の滝,155083,131,4100.0
0,42,東京駅,大王わさび農場,237806,180,5940.0
0,43,東京駅,お台場海浜公園,7879,25,0
0,44,東京駅,八食センター,674954,471,10260.0
0,45,東京駅,道の駅　川場田園プラザ,162934,131,4920.0
0,46,東京駅,袋田の滝,160885,153,3750.0
0,47,東京駅,酒々井プレミアム・アウトレット,56934,54,1910.0
0,48,東京駅,那須ガーデンアウトレット,176895,136,4910.0
0,49,東京駅,こんにゃくパーク,134382,112,4370.0
0,50,東京駅,井の頭恩賜公園,22965,43,630.0
0,51,東京駅,スパリゾートハワイアンズ,192792,145,5260.0
0,52,東京駅,彫刻の森美術館,94300,87,2650.0
0,53,東京駅,來宮神社,114712,111,2650.0
0,54,東京駅,鹿島神宮,104428,94,3280.0
0,55,東京駅,横浜アリーナ,36660,48,1230.0
0,56,東京駅,横浜スタジアム,35754,42,1300.0
0,57,東京駅,川越氷川神社,46478,68,1150.0
0,58,東京駅,川崎大師　平間寺,20298,33,660.0
0,59,東京駅,牛久大仏,74029,68,2520.0
0,60,東京駅,三井アウトレットパーク　入間,80820,73,2500.0
0,61,東京駅,すみだ水族館,6680,24,0
0,62,東京駅,鶴岡市立加茂水族館（クラゲドリーム館）,480644,359,10420.0
0,63,東京駅,道の駅　保田小学校,82145,72,2970.0
0,64,東京駅,東京大神宮,3472,12,0
0,65,東京駅,サンリオピューロランド,42762,60,1260.0
0,66,東京駅,三嶋大社,124846,109,3700.0
0,67,東京駅,香取神宮,90876,79,3050.0
0,68,東京駅,道の駅　富士吉田,113994,97,3270.0
0,69,東京駅,増上寺,3632,12,0
0,70,東京駅,仙台城跡,368264,269,8500.0
0,71,東京駅,歌舞伎座,1699,7,0
0,72,東京駅,偕楽園,113421,103,3430.0
0,73,東京駅,寺泊魚の市場通り（魚のアメ横）,319753,245,7530.0
0,74,東京駅,富岡製糸場,133548,110,4370.0
0,75,東京駅,サンシャイン水族館,8251,18,350.0
0,76,東京駅,仙台うみの杜水族館,348903,262,8660.0
0,77,東京駅,めんたいパーク大洗,122580,104,3810.0
0,78,東京駅,よこはまコスモワールド,35515,46,1230.0
0,79,東京駅,那須どうぶつ王国,212541,167,5400.0
0,80,東京駅,東京都葛西臨海水族園,14082,23,550.0
0,81,東京駅,三井アウトレットパーク　幕張,34618,44,1280.0
0,82,東京駅,弘前城,684818,488,10330.0
0,83,東京駅,菓子屋横丁,46874,69,1150.0
0,84,東京駅,道の駅　八ッ場ふるさと館,174922,162,4470.0
0,85,東京駅,大宮公園,37029,53,1210.0
0,86,東京駅,ＺＯＺＯマリンスタジアム,35421,46,1280.0
0,87,東京駅,東京ドーム天然温泉　Ｓｐａ　ＬａＱｕａ,4331,16,0
0,88,東京駅,大洗磯前神社,123560,107,3810.0
0,89,東京駅,よこはま動物園ズーラシア,41850,48,1410.0
0,90,東京駅,彌彦神社,317064,246,7760.0
0,91,東京駅,三井アウトレットパーク　仙台港,349240,261,8710.0
0,92,東京駅,国立西洋美術館,5693,20,0
0,93,東京駅,道の駅 米沢,322314,236,7170.0
0,94,東京駅,いわき・ら・ら・ミュウ,196900,163,5010.0
0,95,東京駅,竜頭ノ滝,181907,149,4420.0
0,96,東京駅,東武ワールドスクウェア,164859,139,4270.0
0,97,東京駅,ムーミンバレーパーク,74054,76,2600.0
0,98,東京駅,武田神社,138615,123,3790.0
0,99,東京駅,吹割渓谷（吹割の滝）,173531,145,4920.0
0,100,東京駅,川崎市　藤子・Ｆ・不二雄ミュージアム,22341,41,600.0
0,101,東京駅,道の駅　はなぞの,89435,78,3220.0
0,102,東京駅,箱根ガラスの森美術館,110779,99,3230.0
0,103,東京駅,沼津港深海水族館 シーラカンス・ミュージアム,126970,117,3740.0
0,104,東京駅,伊豆シャボテン動物公園,155188,150,3650.0
0,105,東京駅,道の駅　富楽里とみやま,86509,76,3080.0
0,106,東京駅,不忍池（上野恩賜公園）,3737,14,0
0,107,東京駅,根津神社,5160,20,0
0,108,東京駅,柴又帝釈天（題経寺）,19038,39,560.0
0,109,東京駅,アキバフクロウ フクロウカフェ 東京 Owl Cafe Akiba Fukurou,3071,13,0
0,110,東京駅,日産スタジアム,35928,46,1230.0
0,111,東京駅,三笠公園,67567,75,2320.0
0,112,東京駅,鳴沢氷穴,121000,105,3270.0
0,113,東京駅,浄蓮の滝,160511,140,4100.0
0,114,東京駅,井の頭自然文化園,22814,42,630.0
0,115,東京駅,小田原城址公園,84905,78,2650.0
0,116,東京駅,環境水族館アクアマリンふくしま,196320,161,5010.0
0,117,東京駅,犬吠埼灯台,137196,151,3280.0
0,118,東京駅,マザー牧場,77955,76,2510.0
0,119,東京駅,さがみ湖リゾート　プレジャーフォレスト,64023,63,1960.0
0,120,東京駅,秩父神社,112335,112,3650.0
0,121,東京駅,東京都多摩動物公園,39711,50,1260.0
0,122,東京駅,道の駅　まくらがの里　こが,80286,82,2230.0
0,123,東京駅,味の素スタジアム,26960,35,1050.0
0,124,東京駅,ツインリンクもてぎ,132792,125,3430.0
0,125,東京駅,那須千本松牧場,169147,130,4780.0
0,126,東京駅,青森市文化観光交流施設　ねぶたの家　ワ・ラッセ,718033,507,10820.0
0,127,東京駅,青森県観光物産館アスパム,717838,506,10820.0
0,128,東京駅,築地本願寺,2597,10,0
0,129,東京駅,道の駅　日立おさかなセンター,133843,111,4020.0
0,130,東京駅,江の島サムエル・コッキング苑／江の島シーキャンドル（展望灯台）,59132,91,1570.0
0,131,東京駅,江の島シーキャンドル（江の島展望灯台）,59132,91,1570.0
0,132,東京駅,深大寺,28594,40,1050.0
0,133,東京駅,東京ドイツ村,61807,61,2280.0
0,134,東京駅,山梨県笛吹川フルーツ公園,120154,117,3160.0
0,135,東京駅,高尾山薬王院,60142,67,1500.0
0,136,東京駅,道の駅　ららん藤岡,113283,94,3870.0
0,137,東京駅,駒沢オリンピック公園,14342,29,420.0
0,138,東京駅,道の駅　庄和,53306,73,1400.0
0,139,東京駅,道の駅　しょうわ,53306,73,1400.0
0,140,東京駅,諏訪大社下社秋宮,209805,163,5350.0
0,141,東京駅,埼玉スタジアム２００２,36357,46,1220.0
0,142,東京駅,三溪園,37336,51,1260.0
0,143,東京駅,江島神社,59132,91,1570.0
0,144,東京駅,箱根関所,98528,89,2650.0
0,145,東京駅,野毛山動物園,35633,48,1230.0
0,146,東京駅,道の駅　猪苗代,277282,203,6880.0
0,147,東京駅,道の駅思川,98669,93,2780.0
0,148,東京駅,道の駅　どうし,98490,103,1750.0
0,149,東京駅,竜神大吊橋,148430,138,3750.0
0,150,東京駅,竜神峡,148430,138,3750.0
0,151,東京駅,道の駅　しもつま,71372,84,1670.0
0,152,東京駅,妻籠宿,307499,237,6720.0
0,153,東京駅,笠間稲荷神社,113033,100,3410.0
0,154,東京駅,しながわ水族館,12377,20,500.0
0,155,東京駅,道の駅　常陸大宮,136745,122,3750.0
0,156,東京駅,新潟市水族館　マリンピア日本海,337571,257,8240.0
0,157,東京駅,浅草花やしき,5607,22,0
0,158,東京駅,伊豆パノラマパーク,139671,118,3900.0
0,159,東京駅,道の駅　しょうなん,47243,68,1400.0
0,160,東京駅,道の駅　しもつけ,105604,115,2230.0
0,161,東京駅,道の駅おかべ,101577,101,3220.0
0,162,東京駅,道の駅　なるさわ,118330,102,3270.0
0,163,東京駅,国指定史跡　韮山反射炉,140610,128,3700.0
0,164,東京駅,あ・ら・伊達な道の駅,420967,306,9310.0
0,165,東京駅,鹽竈神社,360486,273,8970.0
0,166,東京駅,蔵王キツネ村,344378,256,7880.0
0,167,東京駅,鬼押出し園,191570,162,5300.0
0,168,東京駅,たつこ像,598473,446,8580.0
0,169,東京駅,上田城跡公園,211959,167,5910.0
0,170,東京駅,小石川後楽園,4080,16,0
0,171,東京駅,ＥＤＯ　ＷＯＮＤＥＲＬＡＮＤ　日光江戸村,162871,136,4270.0
0,172,東京駅,東武動物公園,51452,74,1420.0
0,173,東京駅,こどもの国,35432,51,1210.0
0,174,東京駅,道の駅寒河江　チェリーランド（さくらんぼ狩り）,401677,288,9270.0
0,175,東京駅,道の駅　寒河江,401677,288,9270.0
0,176,東京駅,筑波山神社,90653,93,2470.0
0,177,東京駅,東京ジョイポリス,7956,25,0
0,178,東京駅,山梨県立リニア見学センター,93967,86,2630.0
0,179,東京駅,旧古河庭園,7951,28,0
0,180,東京駅,ウオッセ２１,135963,149,3280.0
0,181,東京駅,熱海城,116521,115,2650.0
0,182,東京駅,道の駅　ひたちおおた,126721,109,3750.0
0,183,東京駅,千葉市動物公園,40510,49,1210.0
0,184,東京駅,塔のへつり,243863,206,5400.0
0,185,東京駅,道の駅　ましこ,136941,116,3900.0
0,186,東京駅,上野の森美術館,4159,16,0
0,187,東京駅,道の駅　どまんなか　たぬま,98552,86,3110.0
0,188,東京駅,松島さかな市場,364392,274,9120.0
0,189,東京駅,戸隠神社奥社,295501,225,7270.0
0,190,東京駅,富岡八幡宮,3898,14,0
0,191,東京駅,道の駅　やちよ,48184,62,1320.0
0,192,東京駅,富士眺望の湯　ゆらり,118349,103,3270.0
0,193,東京駅,道の駅　あつみ,441053,340,9190.0
0,194,東京駅,道の駅　新潟ふるさと村,332143,242,8240.0
0,195,東京駅,道の駅　果樹公園あしがくぼ,101531,111,2600.0
0,196,東京駅,ＭＯＡ美術館,105284,109,2860.0
0,197,東京駅,山形県観光物産会館　ぐっと山形,361380,267,8310.0
0,198,東京駅,厳美渓,454645,322,10170.0
0,199,東京駅,道の駅　もてぎ,133830,126,3410.0
0,200,東京駅,大洗シーサイドステーション,123217,104,3810.0
0,201,東京駅,大山阿夫利神社,64315,65,2120.0
0,202,東京駅,富岳風穴,121204,105,3270.0
0,203,東京駅,大江戸温泉物語 浦安万華郷,21563,37,670.0
0,204,東京駅,道の駅　あきた港　ポートタワー・セリオン,620387,447,9560.0
0,205,東京駅,道の駅　あきた港,620387,447,9560.0
0,206,東京駅,あぶくま洞,240234,183,6040.0
0,207,東京駅,国立競技場,6462,20,0
0,208,東京駅,佐野厄除け大師,92062,86,2780.0
0,209,東京駅,城ヶ崎海岸,163009,162,3650.0
0,210,東京駅,箱根小涌園ユネッサン,94526,87,2650.0
0,211,東京駅,箱根強羅公園,95357,88,2650.0
0,212,東京駅,道の駅　みなかみ水紀行館,175305,136,5220.0
0,213,東京駅,伊香保おもちゃと人形自動車博物館,142409,121,4470.0
0,214,東京駅,山居倉庫,493920,367,10890.0
0,215,東京駅,山中湖　花の都公園,120395,105,3270.0
0,216,東京駅,道の駅　アグリパークゆめすぎと,53924,72,1420.0
0,217,東京駅,身延山久遠寺,185938,150,4520.0
0,218,東京駅,湯滝,187894,157,4420.0
0,219,東京駅,道の駅富士川,135276,119,3580.0
0,220,東京駅,碓氷第三橋梁（めがね橋）,157697,129,4720.0
0,221,東京駅,長瀞渓谷,106126,104,3220.0
0,222,東京駅,帝国劇場,983,3,0
0,223,東京駅,航空科学博物館,77716,75,2480.0
0,224,東京駅,岩下の新生姜ミュージアム,107167,98,3260.0
0,225,東京駅,金蛇水神社,337214,258,8030.0
0,226,東京駅,清澄庭園,4375,17,0
0,227,東京駅,箱根湯寮,86598,78,2650.0
0,228,東京駅,仙台泉プレミアム・アウトレット,380281,276,8760.0
0,229,東京駅,道の駅　ちちぶ,112447,112,3650.0
0,230,東京駅,箱根海賊船,98204,89,2650.0
0,231,東京駅,ミュージアムパーク茨城県自然博物館,52252,62,1670.0
0,232,東京駅,海の公園,51299,64,1690.0
0,233,東京駅,明月院,55815,83,1570.0
0,234,東京駅,大崎八幡宮,369207,272,8500.0
0,235,東京駅,等々力渓谷公園,19420,35,600.0
0,236,東京駅,お菓子の城　那須ハートランド（見学）,183820,141,5050.0
0,237,東京駅,道の駅あいづ　湯川・会津坂下,303279,224,7260.0
0,238,東京駅,甲州市勝沼　ぶどうの丘,112019,94,3160.0
0,239,東京駅,奈良井宿,235323,189,5490.0
0,240,東京駅,猊鼻渓舟下り,466679,343,10170.0
0,241,東京駅,猊鼻渓,466679,343,10170.0
0,242,東京駅,道の駅　水の郷　さわら,93893,85,3050.0
0,243,東京駅,報国寺,59583,72,2170.0
0,244,東京駅,高遠城址公園,218292,181,5070.0
0,245,東京駅,伊豆・三津シーパラダイス,142910,123,3900.0
0,246,東京駅,道の駅　美ヶ原高原,244427,201,5350.0
0,247,東京駅,清水公園,41015,59,1240.0
0,248,東京駅,盛岡城跡公園（岩手公園）,542218,390,8510.0
0,249,東京駅,道の駅　いいで,345543,266,7170.0
0,250,東京駅,石神井公園,24864,49,630.0
0,251,東京駅,毛越寺,457568,327,10170.0
0,252,東京駅,高麗神社,72081,81,2450.0
0,253,東京駅,道の駅　日光,153921,122,4270.0
0,254,東京駅,群馬サファリパーク,136444,114,4370.0
0,255,東京駅,特別史跡　三内丸山遺跡,709861,491,10820.0
0,256,東京駅,東京ドームシティ,3698,14,0
0,257,東京駅,長池親水公園,121864,108,3270.0
0,258,東京駅,道の駅　開国下田みなと,191153,180,4100.0
0,259,東京駅,乃木神社,4720,18,0
0,260,東京駅,スパ＆ホテル　舞浜ユーラシア（日帰り入浴）,18085,30,550.0
0,261,東京駅,伊豆アニマルキングダム,174808,175,3650.0
0,262,東京駅,建長寺,62001,80,2170.0
0,263,東京駅,千葉ポートタワー,39931,60,960.0
0,264,東京駅,光が丘公園,20954,39,620.0
0,265,東京駅,八芳園,6735,23,0
0,266,東京駅,道の駅　天城越え,162703,142,4100.0
0,267,東京駅,大間崎,821111,632,10590.0
0,268,東京駅,道の駅　なみおか,701871,484,10610.0
0,269,東京駅,円覚寺,55244,81,1570.0
0,270,東京駅,松本市美術館,228958,176,5800.0
0,271,東京駅,東京都庭園美術館,8108,26,0
0,272,東京駅,臨港パーク,33417,45,1140.0
0,273,東京駅,道の駅　裏磐梯,302083,233,6880.0
0,274,東京駅,高田城址公園,313011,232,7860.0
0,275,東京駅,県立幕張海浜公園,34811,44,1280.0
0,276,東京駅,霞ヶ浦総合公園,69756,72,2260.0
0,277,東京駅,象の鼻パーク,35543,47,1230.0
0,278,東京駅,大慶園遊園地,25298,48,600.0
0,279,東京駅,小諸城址懐古園,195098,151,5620.0
0,280,東京駅,道の駅 湧水の郷しおや,153285,132,4160.0
0,281,東京駅,道の駅　湧水の郷　しおや,153285,132,4160.0
0,282,東京駅,秋川渓谷　瀬音の湯（日帰り入浴）,71918,83,1610.0
0,283,東京駅,仙台アンパンマンこどもミュージアム＆モール,368330,269,8500.0
0,284,東京駅,秋保大滝,378373,283,8400.0
0,285,東京駅,立佞武多の館,716492,501,10610.0
0,286,東京駅,諏訪大社下社春宮,210804,160,5350.0
0,287,東京駅,栃木県なかがわ水遊園,174550,152,4400.0
0,288,東京駅,キッザニア東京,5127,18,0
0,289,東京駅,庄内観光物産館　ふるさと本舗,471882,344,10420.0
0,290,東京駅,県立辻堂海浜公園,69593,75,2270.0
0,291,東京駅,碓氷峠鉄道文化むら,152496,123,4720.0
0,292,東京駅,秋田ふるさと村　Ｋａｍａｋｕｌａｎｄ,543723,386,8580.0
0,293,東京駅,青森県営浅虫水族館,731476,512,10960.0
0,294,東京駅,東照宮,4570,18,0
0,295,東京駅,八木山動物公園フジサキの杜,353813,275,8710.0
0,296,東京駅,気仙沼「海の市」,464490,370,9580.0
0,297,東京駅,丸沼高原スキー場,195729,170,4920.0
0,298,東京駅,雨引観音,132409,113,3900.0
0,299,東京駅,昭和レトロな温泉銭湯　玉川温泉,83481,87,2760.0
0,300,東京駅,男鹿水族館　ＧＡＯ,666052,493,9820.0
0,301,東京駅,芸術の森公園,111742,97,3410.0
0,302,東京駅,サンメドウズ清里スキー場,173169,141,4420.0
0,303,東京駅,津軽藩ねぷた村,685512,485,10330.0
0,304,東京駅,道の駅　うみてらす名立,327673,238,8160.0
0,305,東京駅,茨城県立カシマサッカースタジアム,106617,95,3280.0
0,306,東京駅,ロックハート城,166482,139,4810.0
0,307,東京駅,千畳敷カール,250373,191,6040.0
0,308,東京駅,ルミネ　ｔｈｅ　よしもと,7303,23,0
0,309,東京駅,ハンターマウンテン塩原,196215,164,4780.0
0,310,東京駅,道の駅　オアシスおぶせ,251394,194,6660.0
0,311,東京駅,千波公園,116289,107,3430.0
0,312,東京駅,道の駅ちくら・潮風王国,114821,112,3390.0
0,313,東京駅,道の駅　ちくら・潮風王国,114821,112,3390.0
0,314,東京駅,盛岡八幡宮,542504,388,8510.0
0,315,東京駅,道の駅　ばんだい,291639,212,7140.0
0,316,東京駅,男鹿真山伝承館,655191,480,9820.0
0,317,東京駅,伊豆山神社,103876,105,2860.0
0,318,東京駅,もみじ谷大吊橋,176683,139,4780.0
0,319,東京駅,酒列磯前神社,128540,106,4080.0
0,320,東京駅,館鼻岸壁朝市,674388,481,10120.0
0,321,東京駅,市立相模原麻溝公園,47087,66,1410.0
0,322,東京駅,道の駅　鳥海,511631,378,11100.0
0,323,東京駅,白樺リゾート池の平ファミリーランド,203480,169,4840.0
0,324,東京駅,蕪島,675042,483,10120.0
0,325,東京駅,熱川バナナワニ園,167862,166,3650.0
0,326,東京駅,いばらきフラワーパーク,82589,79,2470.0
0,327,東京駅,道の駅　伊豆のへそ,142120,121,3900.0
0,328,東京駅,羽田空港第１・第２旅客ターミナル　展望デッキ,20023,26,650.0
0,329,東京駅,那須高原南ヶ丘牧場,192959,154,5050.0
0,330,東京駅,新国立劇場,9176,27,0
0,331,東京駅,ふじてんスノーリゾート,122119,107,3270.0
0,332,東京駅,猿橋,93701,84,2630.0
0,333,東京駅,道の駅　雫石あねっこ,563348,404,8580.0
0,334,東京駅,美ヶ原高原美術館,244427,201,5350.0
0,335,東京駅,鳴子峡,437454,326,9310.0
0,336,東京駅,かんてんぱぱガーデン,233856,181,5750.0
0,337,東京駅,赤城神社,4930,19,0
0,338,東京駅,道の駅　つる,93298,83,2630.0
0,339,東京駅,道の駅　上品の郷,394144,297,9580.0
0,340,東京駅,地下鉄博物館,11129,36,0
0,341,東京駅,穂高神社,239392,183,5940.0
0,342,東京駅,竹駒神社,329179,250,7920.0
0,343,東京駅,軽井沢おもちゃ王国,195541,167,5670.0
0,344,東京駅,五大堂,363515,272,9120.0
0,345,東京駅,道の駅伊達の郷 りょうぜん,310987,227,7320.0
0,346,東京駅,道の駅　こぶちさわ,166889,126,4590.0
0,347,東京駅,大洗・日帰り天然温泉　太古の化石海水　潮騒の湯,123299,104,3810.0
0,348,東京駅,神奈川県立生命の星・地球博物館,85083,75,2650.0
0,349,東京駅,小峰城,205030,163,5400.0
0,350,東京駅,旧岩崎邸庭園,3720,14,0
0,351,東京駅,道の駅　かさま,108562,90,3410.0
0,352,東京駅,史跡足利学校,109014,99,3340.0
0,353,東京駅,江の島岩屋,59083,91,1570.0
0,354,東京駅,粟又の滝,82162,89,2070.0
0,355,東京駅,修善寺　虹の郷,149582,129,4100.0
0,356,東京駅,大洗マリンタワー,122046,103,3810.0
0,357,東京駅,道の駅 しもにた,138839,112,4510.0
0,358,東京駅,道の駅　川口・あんぎょう,28349,41,950.0
0,359,東京駅,天然自家源泉　星音の湯,110972,109,3650.0
0,360,東京駅,出羽三山神社三神合祭殿,477877,367,10050.0
0,361,東京駅,国営みちのく杜の湖畔公園,358715,257,8360.0
0,362,東京駅,道の駅　めぬま,94374,107,2360.0
0,363,東京駅,道の駅石神の丘,578836,412,8860.0
0,364,東京駅,町田リス園,40732,65,1120.0
0,365,東京駅,道の駅　遠野風の丘,554184,392,8300.0
0,366,東京駅,有栖川宮記念公園,5814,21,0
0,367,東京駅,伊香保グリーン牧場,143307,124,4470.0
0,368,東京駅,会津武家屋敷,302531,228,7260.0
0,369,東京駅,少林山達磨寺,134519,123,4190.0
0,370,東京駅,千秋公園,610427,437,9420.0
0,371,東京駅,日立市かみね動物園,145816,118,4360.0
0,372,東京駅,松が岬公園,325824,244,7170.0
0,373,東京駅,道の駅　いちごの里　よしみ,55667,87,1150.0
0,374,東京駅,甲斐善光寺,124526,115,3330.0
0,375,東京駅,草津熱帯圏,192487,183,4470.0
0,376,東京駅,県立相模原公園,47604,67,1410.0
0,377,東京駅,夢の島公園,8098,27,0
0,378,東京駅,白樺湖,202455,168,4840.0
0,379,東京駅,龍飛崎,779802,578,10820.0
0,380,東京駅,那須ステンドグラス美術館,190393,150,5050.0
0,381,東京駅,後楽園ホール,3630,14,0
0,382,東京駅,赤坂氷川神社,4164,15,0
0,383,東京駅,道の駅　安達（上り）,278826,211,6690.0
0,384,東京駅,ぐんまフラワーパーク,146092,131,4040.0
0,385,東京駅,六本木ヒルズ展望台　東京シティビュー,5099,17,0
0,386,東京駅,大杉神社,86926,83,2730.0
0,387,東京駅,つくばわんわんランド,86380,86,2470.0
0,388,東京駅,町田薬師池公園　四季彩の杜　薬師池,40688,65,1120.0
0,389,東京駅,横浜ランドマークタワー　６９階展望フロア　スカイガーデン,34073,42,1230.0
0,390,東京駅,道の駅　しもごう,227521,183,5400.0
0,391,東京駅,湯の郷　湯西川観光センター,182918,162,4270.0
0,392,東京駅,２１世紀の森と広場,26846,57,560.0
0,393,東京駅,池上本門寺,15565,30,440.0
0,394,東京駅,高島城,194349,151,5070.0
0,395,東京駅,横須賀美術館,76930,82,2540.0
0,396,東京駅,秩父温泉　満願の湯,111728,111,3220.0
0,397,東京駅,県立秦野戸川公園,77334,76,2460.0
0,398,東京駅,箱根強羅公園内 箱根クラフトハウス,95325,88,2650.0
0,399,東京駅,史跡　佐渡金山,436469,457,8370.0
0,400,東京駅,宇都宮城址公園,129359,116,3770.0
0,401,東京駅,ＪＡ茨城旭村特産物直売所サングリーン旭,131377,113,3860.0
0,402,東京駅,服部牧場,68550,71,1750.0
0,403,東京駅,川崎市夢見ヶ崎動物公園,23309,54,440.0
0,404,東京駅,日原鍾乳洞,102723,123,1920.0
0,405,東京駅,道の駅　笹川流れ,412497,315,9190.0
0,406,東京駅,玉前神社,94840,96,2760.0
0,407,東京駅,大観覧車「コスモクロック２１」,35542,46,1230.0
0,408,東京駅,日本丸メモリアルパーク,34083,42,1230.0
0,409,東京駅,千葉県立柏の葉公園,38356,49,1400.0
0,410,東京駅,千葉県立房総のむら,73046,71,2170.0
0,411,東京駅,鑁阿寺,109426,100,3340.0
0,412,東京駅,桐生が岡動物園,128644,123,3610.0
0,413,東京駅,デンカビッグスワンスタジアム,334763,244,8320.0
0,414,東京駅,おふろｃａｆｅ　ｕｔａｔａｎｅ,36330,52,1210.0
0,415,東京駅,道の駅　大滝温泉,133048,139,3650.0
0,416,東京駅,国営越後丘陵公園,283444,213,7240.0
0,417,東京駅,天然温泉　スパロイヤル川口,24441,39,860.0
0,418,東京駅,笠森観音,76075,74,2480.0
0,419,東京駅,六歌仙倶楽部,7445,25,0
0,420,東京駅,一言主神社,51311,62,1670.0
0,421,東京駅,安比高原スキー場,585088,413,9000.0
0,422,東京駅,岩木山神社,695943,507,10330.0
0,423,東京駅,伊豆テディベア・ミュージアム,160192,158,3650.0
0,424,東京駅,ＳＵＷＡガラスの里,196683,154,5070.0
0,425,東京駅,富士川クラフトパーク,174837,140,4520.0
0,426,東京駅,神立スノーリゾート,201156,154,5740.0
0,427,東京駅,フォッサマグナミュージアム,360201,261,8720.0
0,428,東京駅,アロハガーデンたてやま,111425,106,3390.0
0,429,東京駅,川場スキー場,173913,149,4920.0
0,430,東京駅,生涯青春の湯つるつる温泉,76740,83,1920.0
0,431,東京駅,道の駅　鴨川オーシャンパーク,98241,113,2260.0
0,432,東京駅,道の駅　尾花沢,433238,313,9360.0
0,433,東京駅,道の駅　とわだ,693948,492,10370.0
0,434,東京駅,東京・湯河原温泉　万葉の湯,36273,38,1410.0
0,435,東京駅,昇仙峡ロープウェイ,148650,136,3790.0
0,436,東京駅,蛇窪神社,12687,22,440.0
0,437,東京駅,道の駅十文字,548724,389,8730.0
0,438,東京駅,道の駅　北信州やまのうち,266728,206,6870.0
0,439,東京駅,山形県郷土館「文翔館」,382810,278,8940.0
0,440,東京駅,スパメッツァおおたか　竜泉寺の湯,33535,45,1240.0
0,441,東京駅,波除神社,2907,11,0
0,442,東京駅,天然温泉　花咲の湯　ＨＡＮＡＳＡＫＩ　ＳＰＡ,41091,60,1150.0
0,443,東京駅,安曇野ちひろ美術館,249518,197,5940.0
0,444,東京駅,奥入瀬渓流,679593,491,9770.0
0,445,東京駅,高尾山ケーブルカー,57328,55,1500.0
0,446,東京駅,ヒノトントンＺＯＯ（羽村市動物公園）,57211,74,1260.0
0,447,東京駅,横浜市こども自然公園,43393,54,1570.0
0,448,東京駅,横浜市立金沢動物園,51128,73,1590.0
0,449,東京駅,白馬八方尾根スキー場,281862,241,6470.0
0,450,東京駅,森戸大明神,67105,75,2380.0
0,451,東京駅,船岡城址公園,342004,261,7880.0
0,452,東京駅,飯岡刑部岬展望館～光と風～,107184,118,2470.0
0,453,東京駅,美人林,239955,197,5910.0
0,454,東京駅,軽井沢プリンスホテルスキー場,173502,141,5020.0
0,455,東京駅,堂ヶ島洞くつめぐり,192161,177,4100.0
0,456,東京駅,あけぼの山農業公園,42697,61,1400.0
0,457,東京駅,那須テディベア・ミュージアム,189008,149,5050.0
0,458,東京駅,さくらの湯,7787,27,0
0,459,東京駅,カワスイ　川崎水族館,20453,42,500.0
0,460,東京駅,羽黒山五重塔,476357,362,10050.0
0,461,東京駅,長野市茶臼山動物園,239022,189,6370.0
0,462,東京駅,北沢浮遊選鉱場跡,435886,456,8370.0
0,463,東京駅,八甲田ロープウェー,731742,515,10820.0
0,464,東京駅,マウントジーンズ那須,201656,164,5050.0
0,465,東京駅,道の駅　いかりがせき,662423,457,10120.0
0,466,東京駅,道の駅　喜多の郷,318221,243,7260.0
0,467,東京駅,浄土ヶ浜,584016,494,9580.0
0,468,東京駅,港の見える丘公園,35719,46,1290.0
0,469,東京駅,とちのきファミリーランド,124504,115,3610.0
0,470,東京駅,蔵王ロープウェイ,372211,281,8310.0
0,471,東京駅,宮沢賢治童話村,516918,364,11250.0
0,472,東京駅,道の駅　浅虫温泉ゆ～さ浅虫,730652,511,10960.0
0,473,東京駅,森の中の水族館。山梨県立富士湧水の里水族館,116547,101,3270.0
0,474,東京駅,起雲閣,115365,113,2650.0
0,475,東京駅,大師公園,20481,34,660.0
0,476,東京駅,道の駅　よこはま,748303,542,10590.0
0,477,東京駅,元善光寺,265337,201,6330.0
0,478,東京駅,ザ・グランドスパ南大門,133583,121,3840.0
0,479,東京駅,海の駅わんど,737849,527,10610.0
0,480,東京駅,道の駅　南アルプスむら長谷,222077,185,5070.0
0,481,東京駅,盛岡手づくり村,549062,390,8580.0
0,482,東京駅,五色沼湖沼群,293356,223,6880.0
0,483,東京駅,松本市アルプス公園,231655,182,5800.0
0,484,東京駅,東京荻窪天然温泉　なごみの湯,17650,40,450.0
0,485,東京駅,スパ＆リゾート九十九里　太陽の里（日帰り入浴）,88394,92,2100.0
0,486,東京駅,のだ温泉ほのか,41373,51,1400.0
0,487,東京駅,堀切菖蒲園,13334,26,470.0
0,488,東京駅,シンフォニークルーズ,4440,14,0
0,489,東京駅,道の駅　両神温泉薬師の湯,122472,122,3650.0
0,490,東京駅,旧芝離宮恩賜庭園,4274,14,0
0,491,東京駅,鏡池,296652,230,7270.0
0,492,東京駅,筑波山,100205,129,2470.0
0,493,東京駅,円通院,363386,272,9120.0
0,494,東京駅,横浜市開港記念会館,35194,46,1230.0
0,495,東京駅,大本山法華経寺,20888,35,600.0
0,496,東京駅,いちごの里,98144,93,2780.0
0,497,東京駅,阿字ヶ浦温泉のぞみ,127716,104,4080.0
0,498,東京駅,錦ケ丘ヒルサイドモール,367595,267,8500.0
0,499,東京駅,修禅寺,147516,127,4100.0
0,500,東京駅,上杉神社,326125,245,7170.0
0,501,東京駅,八木山ベニーランド,354075,275,8710.0
0,502,東京駅,道の駅　おがわまち,83700,80,2980.0
0,503,東京駅,寒風山回転展望台,646701,469,9820.0
0,504,東京駅,道の駅　日義木曽駒高原,248893,195,5750.0
0,505,東京駅,諏訪湖間欠泉センター,196517,155,5070.0
0,506,東京駅,Ｓｐａ　Ｒｅｓｏｒｔ　菜々の湯,31233,41,960.0
0,507,東京駅,蔵王温泉大露天風呂,373081,285,8310.0
0,508,東京駅,道の駅　おおさと,369757,277,9270.0
0,509,東京駅,スカイスパＹＯＫＯＨＡＭＡ,32689,43,1140.0
0,510,東京駅,箱根園水族館,102425,95,2650.0
0,511,東京駅,太宰治記念館「斜陽館」,723002,508,10610.0
0,512,東京駅,十和田神社,665410,476,9770.0
0,513,東京駅,秋田まるごと市場,606582,435,9350.0
0,514,東京駅,南湖公園,205116,162,5400.0
0,515,東京駅,養老渓谷,77124,82,2070.0
0,516,東京駅,水郷佐原あやめパーク,105671,95,3280.0
0,517,東京駅,石の教会　内村鑑三記念堂,176996,146,5020.0
0,518,東京駅,寝覚の床,263554,214,5750.0
0,519,東京駅,道の駅　安曇野松川,245296,190,5940.0
0,520,東京駅,道の駅　みやもり,534096,380,8300.0
0,521,東京駅,小田原お堀端　万葉の湯,85639,81,2650.0
0,522,東京駅,なめがたファーマーズヴィレッジ,111131,103,3280.0
0,523,東京駅,昭和の森,62409,67,1650.0
0,524,東京駅,特産品プラザ　らら・いわて,2171,10,0
0,525,東京駅,道の駅　厳美渓,454158,321,10170.0
0,526,東京駅,中之条ガーデンズ,163474,148,4470.0
0,527,東京駅,中之嶽神社,157756,128,4720.0
0,528,東京駅,道の駅　さんりく,507125,409,9580.0
0,529,東京駅,竜王マウンテンパーク　ＳＯＲＡ　ｔｅｒｒａｃｅ,279702,249,6870.0
0,530,東京駅,戦場ヶ原,185341,153,4420.0
0,531,東京駅,天然温泉　湯花楽　厚木店,56224,62,1910.0
0,532,東京駅,等々力不動尊,19145,34,600.0
0,533,東京駅,大谷観音,139407,119,4060.0
0,534,東京駅,勝浦朝市,99984,107,2480.0
0,535,東京駅,岩代国一之宮・会津総鎮守　伊佐須美神社,308917,236,7260.0
0,536,東京駅,乗鞍高原　湯けむり館,264482,217,5800.0
0,537,東京駅,伊香保神社,146542,130,4470.0
0,538,東京駅,野天湯元湯快爽快「湯けむり横丁」おおみや,34535,46,1150.0
0,539,東京駅,会津喜多方ラーメン館,312154,234,7260.0
0,540,東京駅,天然温泉　花鳥風月,65690,68,2340.0
0,541,東京駅,小田原こどもの森公園わんぱくらんど,82031,74,2650.0
0,542,東京駅,さいたま市大宮盆栽美術館,38173,58,1210.0
0,543,東京駅,Ｓｐａ　Ｒｅｓｏｒｔ　蘭々の湯,38392,41,1210.0
0,544,東京駅,道の駅　そうま,296113,225,7160.0
0,545,東京駅,牛久シャトー,66935,69,2050.0
0,546,東京駅,常磐神社,113513,103,3430.0
0,547,東京駅,深谷花園温泉リゾート　花湯の森,94783,89,3220.0
0,548,東京駅,相模原北公園,54224,68,1260.0
0,549,東京駅,赤レンガパーク,35351,46,1230.0
0,550,東京駅,道の駅　アルプス安曇野ほりがねの里,237777,180,5940.0
0,551,東京駅,群馬みなかみほうだいぎスキー場,194657,162,5220.0
0,552,東京駅,成田の命泉　大和の湯,74489,74,2170.0
0,553,東京駅,川崎マリエン,27863,35,920.0
0,554,東京駅,箱根ラリック美術館,110262,98,3230.0
0,555,東京駅,国立科学博物館筑波実験植物園,69522,72,2260.0
0,556,東京駅,八幡平フラワーランド,567313,398,8860.0
0,557,東京駅,宇都宮天然温泉 ベルさくらの湯,132498,112,3840.0
0,558,東京駅,鬼怒川ライン下り,166996,143,4270.0
0,559,東京駅,花貫渓谷,168595,134,4620.0
0,560,東京駅,ロッテアライリゾート,304371,227,7590.0
0,561,東京駅,箱根駅伝ミュージアム,98127,88,2650.0
0,562,東京駅,横手市増田まんが美術館,554155,397,8730.0
0,563,東京駅,殺生石,195000,157,5050.0
0,564,東京駅,星峠の棚田,260011,216,6140.0
0,565,東京駅,川越八幡宮,47037,72,1150.0
0,566,東京駅,京王れーるランド,39747,50,1260.0
0,567,東京駅,上山城,355566,268,8060.0
0,568,東京駅,金沢自然公園,51128,73,1590.0
0,569,東京駅,立ち寄り温泉　伊豆高原の湯,158680,155,3650.0
0,570,東京駅,竜王スキーパーク,274817,219,6870.0
0,571,東京駅,安曇野　しゃくなげの湯（日帰り入浴）,243919,191,5940.0
0,572,東京駅,ナンジャタウン,8695,14,400.0
0,573,東京駅,進雄神社,7737,26,0
0,574,東京駅,江の島アイランドスパ,58716,90,1570.0
0,575,東京駅,日和山公園,498678,372,10990.0
0,576,東京駅,鳥越八幡宮,3866,16,0
0,577,東京駅,ホキ美術館,62073,67,1650.0
0,578,東京駅,日光山輪王寺,160344,130,4370.0
0,579,東京駅,河津七滝,174584,156,4100.0
0,580,東京駅,彩花の湯,22682,33,810.0
0,581,東京駅,奥入瀬渓流館,686628,499,9770.0
0,582,東京駅,郡山カルチャーパーク,239115,178,6150.0
0,583,東京駅,ノルン水上スキー場,176392,138,5220.0
0,584,東京駅,箱根芦ノ湖遊覧船,99885,91,2650.0
0,585,東京駅,伊能忠敬記念館,93429,83,3050.0
0,586,東京駅,長岡市寺泊水族博物館,318407,247,7530.0
0,587,東京駅,リビエラ逗子マリーナ,62816,84,2170.0
0,588,東京駅,岩手銀行赤レンガ館,541827,389,8510.0
0,589,東京駅,光前寺,241024,181,6040.0
0,590,東京駅,林檎の湯屋おぶ～,221325,169,5630.0
0,591,東京駅,大磯ロングビーチ,68911,67,2280.0
0,592,東京駅,最上峡芭蕉ライン観光,459902,341,9360.0
0,593,東京駅,大室山,154952,149,3650.0
0,594,東京駅,泉天空の湯　有明ガーデン,6156,20,0
0,595,東京駅,若竹の杜　若山農場,135115,111,4060.0
0,596,東京駅,ホテル華乃湯（日帰り入浴）,363943,264,8400.0
0,597,東京駅,道の駅　たかはた,341644,253,7480.0
0,598,東京駅,日帰り専門施設　泡の湯　外湯,264247,219,5800.0
0,599,東京駅,狭山市立智光山公園こども動物園,70612,70,2600.0
0,600,東京駅,小布施温泉　あけびの湯,254659,201,6660.0
0,601,東京駅,宮古市魚菜市場,579984,485,9580.0
0,602,東京駅,東京オペラシティコンサートホール,8684,25,0
0,603,東京駅,星野リゾート　アルツ磐梯,288742,221,6880.0
0,604,東京駅,那須ワールドモンキーパーク,187329,147,5050.0
0,605,東京駅,新発田城,363523,268,8790.0
0,606,東京駅,毛利庭園,5047,17,0
0,607,東京駅,土津神社-こどもと出世の神さま-,280688,209,6880.0
0,608,東京駅,リナワールド,362365,269,8310.0
0,609,東京駅,道の駅　パティオにいがた,291685,215,7470.0
0,610,東京駅,葦毛崎展望台,678689,480,10120.0
0,611,東京駅,猪苗代スキー場,281854,211,6880.0
0,612,東京駅,猪苗代リゾートスキー場,281854,211,6880.0
0,613,東京駅,横浜天然温泉　ＳＰＡ　ＥＡＳ,33241,41,1200.0
0,614,東京駅,馬曲温泉　望郷の湯,280950,217,7020.0
0,615,東京駅,筑波山ロープウェイ,90860,90,2470.0
0,616,東京駅,石廊崎,208662,204,4100.0
0,617,東京駅,奥石廊崎,208662,204,4100.0
0,618,東京駅,東武動物公園　東武スーパープール,63424,77,1940.0
0,619,東京駅,マザー牧場　オートキャンプ場,78346,77,2510.0
0,620,東京駅,モダン湯治 おんりーゆー,82654,83,2530.0
0,621,東京駅,道の駅　やまだ,550072,454,9580.0
0,622,東京駅,県立茅ケ崎里山公園,61334,73,1870.0
0,623,東京駅,サンシャイン劇場,8018,17,350.0
0,624,東京駅,天然温泉平和島,14380,24,550.0
0,625,東京駅,アウガ新鮮市場,717801,506,10820.0
0,626,東京駅,磊々峡,364388,264,8400.0
0,627,東京駅,道の駅　ふじみ,153549,129,4630.0
0,628,東京駅,東京藝術大学大学美術館,5417,21,0
0,629,東京駅,抱返り渓谷,597840,443,8860.0
0,630,東京駅,イタリア大使館別荘記念公園,178780,146,4420.0
0,631,東京駅,伊東温泉観光・文化施設　東海館（日帰り入浴）,135969,138,3080.0
0,632,東京駅,道の駅さんない,535653,383,8300.0
0,633,東京駅,日本オリンピックミュージアム,6006,18,0
0,634,東京駅,東京カテドラル聖マリア大聖堂,6250,23,0
0,635,東京駅,大船観音寺,52598,73,1570.0
0,636,東京駅,水戸芸術館,114235,105,3430.0
0,637,東京駅,栃木天然温泉　いきいき夢ロマン,112484,95,3440.0
0,638,東京駅,道の駅　南信州とよおかマルシェ,264017,200,6330.0
0,639,東京駅,いわふねフルーツパーク,87288,79,2780.0
0,640,東京駅,埼玉県立自然の博物館,107129,105,3220.0
0,641,東京駅,芦ノ湖,102850,96,2650.0
0,642,東京駅,埼玉県立近代美術館,30364,46,940.0
0,643,東京駅,鶴の舞橋,727524,516,10610.0
0,644,東京駅,伝国の杜・米沢市上杉博物館,325904,244,7170.0
0,645,東京駅,大前神社,137595,120,4030.0
0,646,東京駅,秋田県立美術館,609696,433,9420.0
0,647,東京駅,秋川ファーマーズセンター,53848,66,1260.0
0,648,東京駅,足利健康ランド,101326,99,2780.0
0,649,東京駅,おしらじの滝,173908,152,4400.0
0,650,東京駅,尖閣湾揚島遊園　海中透視船,442754,465,8370.0
0,651,東京駅,熊谷温泉　湯楽の里,86161,90,2760.0
0,652,東京駅,尾瀬国立公園,275079,253,4780.0
0,653,東京駅,赤城自然園,147835,120,4630.0
0,654,東京駅,富士すばるランド,113752,96,3270.0
0,655,東京駅,鋸山・日本寺,83890,77,3870.0
0,656,東京駅,蓼科高原　バラクラ　イングリッシュ　ガーデン,194081,159,4840.0
0,657,東京駅,茨城県立歴史館,113651,103,3430.0
0,658,東京駅,横浜イングリッシュガーデン,34893,47,1200.0
0,659,東京駅,長井水産（株）直売センター,75855,81,2730.0
0,660,東京駅,仏ヶ浦,833316,654,10590.0
0,661,東京駅,善知鳥神社,717278,504,10820.0
0,662,東京駅,伝承園,560045,400,8300.0
0,663,東京駅,中禅寺湖,178473,145,4420.0
0,664,東京駅,石垣山一夜城,86720,82,2650.0
0,665,東京駅,黄金の湯館,145033,127,4470.0
0,666,東京駅,酒造資料館東光の酒蔵（見学）,325465,243,7170.0
0,667,東京駅,江川海岸,45975,54,1530.0
0,668,東京駅,道の駅　おおさき,407623,290,9310.0
0,669,東京駅,いわきマリンタワー,198879,167,5010.0
0,670,東京駅,天然温泉きぬの湯,45421,51,1670.0
0,671,東京駅,アムスハウス長瀞ラフティング,103283,99,3220.0
0,672,東京駅,かたしな高原スキー場,187476,162,4920.0
0,673,東京駅,迎賓館（赤坂離宮）,4886,15,0
0,674,東京駅,おおのキャンパス,664862,469,9910.0
0,675,東京駅,群馬県立観音山ファミリーパーク,129505,114,4130.0
0,676,東京駅,一古園,111670,94,3160.0
0,677,東京駅,宇都宮天然温泉　ゆらら（日帰り入浴）,126564,109,3770.0
0,678,東京駅,諏訪湖,194859,152,5070.0
0,679,東京駅,佐野美術館,126471,111,3740.0
0,680,東京駅,サントピアワールド,359175,261,8740.0
0,681,東京駅,東洋文庫ミュージアム,6751,24,0
0,682,東京駅,房総の駅 とみうら,94371,83,3390.0
0,683,東京駅,金鳳山平林寺,28757,51,730.0
0,684,東京駅,北軽井沢スウィートグラス,194608,167,5020.0
0,685,東京駅,白水阿弥陀堂,197444,157,5260.0
0,686,東京駅,川の駅　ヤナ茶屋もがみ,459902,340,9360.0
0,687,東京駅,釜石大観音,526345,433,9580.0
0,688,東京駅,道の駅　津山,409911,314,9580.0
0,689,東京駅,県立津久井湖城山公園（水の苑地）,65898,66,1750.0
0,690,東京駅,道の駅　なんごう,1408263,979,19940.0
0,691,東京駅,相田みつを美術館,524,2,0
0,692,東京駅,東北サファリパーク,277303,212,6690.0
0,693,東京駅,小江戸さわら舟めぐり,93394,83,3050.0
0,694,東京駅,仙台朝市,367814,267,8500.0
0,695,東京駅,福寿温泉　じょんのび館,325023,242,7960.0
0,696,東京駅,不二洞,168570,155,4510.0
0,697,東京駅,藤澤 遊行寺,52897,69,1570.0
0,698,東京駅,角館歴史村・青柳家,591498,435,8860.0
0,699,東京駅,ナワテ通り,228332,174,5800.0
0,700,東京駅,箱根美術館,95713,89,2650.0
0,701,東京駅,チャツボミゴケ公園,203558,201,4470.0
0,702,東京駅,山形蔵王温泉スキー場,373301,286,8310.0
0,703,東京駅,群馬県立館林美術館,84653,87,2540.0
0,704,東京駅,伊香保露天風呂,147019,131,4470.0
0,705,東京駅,台場公園,8465,26,0
0,706,東京駅,湯沢高原スキー場,201364,154,5740.0
0,707,東京駅,櫛引八幡宮,664058,462,10190.0
0,708,東京駅,川奈ステンドグラス美術館,144444,154,3080.0
0,709,東京駅,多摩市立温水プール　アクアブルー多摩,39699,63,1120.0
0,710,東京駅,春日山神社,317162,240,7860.0
0,711,東京駅,ジャパン・スネークセンター,130918,113,3900.0
0,712,東京駅,サントリー白州蒸溜所・サントリー天然水南アルプス白州工場（見学）,163588,134,4240.0
0,713,東京駅,東京都写真美術館,8195,28,0
0,714,東京駅,横浜関帝廟,36761,47,1300.0
0,715,東京駅,一碧湖,151948,153,3440.0
0,716,東京駅,御座石神社,593262,440,8580.0
0,717,東京駅,やくらい薬師の湯,415302,311,9030.0
0,718,東京駅,高畠ワイナリー,332932,248,7170.0
0,719,東京駅,紀伊國屋ホール,7513,24,0
0,720,東京駅,湯テルメ・谷川,178942,141,5220.0
0,721,東京駅,岩手サファリパーク,452715,331,9840.0
0,722,東京駅,千葉県立美術館,39610,59,960.0
0,723,東京駅,舞子スノーリゾート,208606,158,5910.0
0,724,東京駅,ほったらかしキャンプ場,128834,118,3330.0
0,725,東京駅,道の駅　米山,412753,321,9580.0
0,726,東京駅,道の駅　おおえ,404701,295,9270.0
0,727,東京駅,松之山温泉ナステビュウ湯の山,240669,198,5910.0
0,728,東京駅,道の駅　野沢温泉,287300,222,7020.0
0,729,東京駅,市原ぞうの国　サユリワールド,70291,66,2480.0
0,730,東京駅,ヤッホーブルーイング（見学）,2081,9,0
0,731,東京駅,ダチョウ王国石岡ファーム,88039,85,2690.0
0,732,東京駅,アースケア桐生が岡遊園地,128792,123,3610.0
0,733,東京駅,榛名湖,157052,143,4470.0
0,734,東京駅,飯田市立動物園,272323,201,6620.0
0,735,東京駅,春日山城跡,317631,245,7860.0
0,736,東京駅,桐生市新里温水プール　カリビアンビーチ,137452,119,4040.0
0,737,東京駅,元滝伏流水,531727,403,11010.0
0,738,東京駅,鹿島セントラル天然温泉美人の湯　ゆの華,105044,95,3280.0
0,739,東京駅,軽井沢聖パウロカトリック教会,174611,143,5020.0
0,740,東京駅,茨城県陶芸美術館,111597,96,3410.0
0,741,東京駅,かすみがうら市水族館,90011,92,2470.0
0,742,東京駅,紅の吊橋,183705,148,4780.0
0,743,東京駅,氷川キャンプ場,92319,107,1920.0
0,744,東京駅,下野星宮神社,118780,103,3610.0
0,745,東京駅,道の駅　なかせん,582747,421,8860.0
0,746,東京駅,小貝川ふれあい公園,69482,83,1670.0
0,747,東京駅,十和田湖（青森県）,666004,477,9770.0
0,748,東京駅,国立能楽堂,6889,21,0
0,749,東京駅,会津高原たかつえスキー場,228696,200,4780.0
0,750,東京駅,千葉県立中央博物館,47016,52,1470.0
0,751,東京駅,新潟県立歴史博物館,280000,207,7240.0
0,752,東京駅,天然温泉　伊勢崎ゆま～る,135661,115,4040.0
0,753,東京駅,谷川岳ロープウェイ,186309,149,5220.0
0,754,東京駅,史跡尾去沢鉱山,627972,442,9630.0
0,755,東京駅,グリコピア・イースト（見学）,64702,64,2170.0
0,756,東京駅,稲毛海浜公園プール,37499,54,960.0
0,757,東京駅,猿賀神社,689038,479,10470.0
0,758,東京駅,道の駅　十三湖高原,743364,533,10610.0
0,759,東京駅,赤倉温泉スキー場,287676,212,7360.0
0,760,東京駅,ニッカウヰスキー仙台工場　宮城峡蒸溜所（見学）,379688,283,8500.0
0,761,東京駅,山形美術館,384564,282,8940.0
0,762,東京駅,Ｈａｋｕｂａ４７マウンテンスポーツパーク,280659,238,6470.0
0,763,東京駅,赤倉観光リゾートスキー場,287126,211,7360.0
0,764,東京駅,伊豆クラフトハウス,156521,151,3650.0
0,765,東京駅,本栖湖,135164,122,3270.0
0,766,東京駅,感覚ミュージアム,414175,299,9310.0
0,767,東京駅,真岡市健康増進施設　真岡井頭温泉　いちごの湯,137271,113,4030.0
0,768,東京駅,ホテルニューオータニ　日本庭園,3718,12,0
0,769,東京駅,アイ・リンクタウン展望施設,21475,34,600.0
0,770,東京駅,龍澤山　善寳寺,478587,356,10420.0
0,771,東京駅,磐梯南ヶ丘牧場,289217,222,6880.0
0,772,東京駅,妙義ふれあいプラザ　妙義温泉　もみじの湯,151219,120,4720.0
0,773,東京駅,岡本桟橋（原岡桟橋）,96072,85,3390.0
0,774,東京駅,中野市一本木公園,262352,201,6870.0
0,775,東京駅,道の駅　東由利,572177,422,8580.0
0,776,東京駅,道の駅　喜多の郷「蔵の湯」,318184,243,7260.0
0,777,東京駅,三瀧山不動院,367467,266,8500.0
0,778,東京駅,中之条町営　四万清流の湯,172439,158,4470.0
0,779,東京駅,軽井沢高原教会,176843,145,5020.0
0,780,東京駅,トリックアート美術館,7910,25,0
0,781,東京駅,県立七沢森林公園,64206,66,2120.0
0,782,東京駅,エーデルワイス・スキーリゾート,198023,166,4780.0
0,783,東京駅,龍ヶ窪,239901,198,5910.0
0,784,東京駅,盛岡神子田朝市,541827,387,8510.0
0,785,東京駅,大宮公園小動物園,37029,53,1210.0
0,786,東京駅,安比温泉　白樺の湯,584914,413,9000.0
0,787,東京駅,英国大使館別荘記念公園,178704,146,4420.0
0,788,東京駅,ケニーズ・ファミリー・ビレッジ／オートキャンプ場,94719,100,2280.0
0,789,東京駅,徳川ミュージアム,113301,103,3430.0
0,790,東京駅,白鷺神社,129197,108,3840.0
0,791,東京駅,蔵の街遊覧船,106327,96,3260.0
0,792,東京駅,国指定名勝「楽山園」,134607,111,4370.0
0,793,東京駅,戸狩温泉スキー場,281928,220,7020.0
0,794,東京駅,鬼首かんけつ泉（弁天・雲竜）,446247,338,9310.0
0,795,東京駅,阿寺渓谷,282618,238,5750.0
0,796,東京駅,神津牧場,168080,151,4510.0
0,797,東京駅,下北名産センター,770916,571,10590.0
0,798,東京駅,怪しい少年少女博物館,159590,156,3650.0
0,799,東京駅,蔵王中央ロープウェイ,372137,281,8310.0
0,800,東京駅,なの花温泉　田田,479794,357,10420.0
0,801,東京駅,末廣酒造（見学）,299830,224,7260.0
0,802,東京駅,田沢湖,597514,445,8580.0
0,803,東京駅,ATAMI BAY RESORT KORAKUEN,116469,116,2650.0
0,804,東京駅,弥生美術館,4984,18,0
0,805,東京駅,横浜開港資料館,36483,45,1300.0
0,806,東京駅,木曽馬の里,270543,225,5750.0
0,807,東京駅,万座温泉スキー場,227095,199,6740.0
0,808,東京駅,深層湯温泉　紫雲の郷,369815,275,8790.0
0,809,東京駅,大神山神社,726147,511,11350.0
0,810,東京駅,嬬恋高原温泉　つつじの湯,231545,186,5910.0
0,811,東京駅,サントリー＜天然水のビール工場＞東京・武蔵野ブルワリー（見学）,30537,42,1120.0
0,812,東京駅,好文亭,113930,104,3430.0
0,813,東京駅,筑波山温泉　つくばの湯,91622,91,2470.0
0,814,東京駅,筑波山ケーブルカー,96332,113,2470.0
0,815,東京駅,フルーツランド　白根グレープガーデン,336914,252,8240.0
0,816,東京駅,三分一湧水館,164907,131,4420.0
0,817,東京駅,妙高高原　池の平温泉アルペンブリックスキー場,285300,209,7360.0
0,818,東京駅,猪苗代湖,283160,210,6880.0
0,819,東京駅,遠野の町並み,566035,407,8300.0
0,820,東京駅,下田開国博物館（黒船来航の記念館）,190879,179,4100.0
0,821,東京駅,大洗キャンプ場,122529,104,3810.0
0,822,東京駅,秋川渓谷,70333,79,1610.0
0,823,東京駅,六日町八海山スキー場,231422,181,6140.0
0,824,東京駅,蔵王ハートランド,347473,258,7880.0
0,825,東京駅,市原湖畔美術館,72395,69,2480.0
0,826,東京駅,高家神社,110754,106,3390.0
0,827,東京駅,蔵王ライザワールド,372571,288,8060.0
0,828,東京駅,東京オペラシティ　アートギャラリー,9479,28,0
0,829,東京駅,河鹿橋,147034,131,4470.0
0,830,東京駅,キリンビール横浜工場（見学）,28173,40,930.0
0,831,東京駅,霊場恐山,786522,593,10590.0
0,832,東京駅,かわうちの湯,260570,202,6270.0
0,833,東京駅,猿島,68819,79,2320.0
0,834,東京駅,奥利根スノーパーク,182783,146,5220.0
0,835,東京駅,シャトー勝沼,110032,90,3160.0
0,836,東京駅,西沢渓谷,138795,136,3160.0
0,837,東京駅,かつうら海中公園・海中展望塔,103698,111,2480.0
0,838,東京駅,ミルフィーユゴルフクラブ,63401,79,1470.0
0,839,東京駅,北投の湯 いわき健康センター,188347,148,5010.0
0,840,東京駅,大森貝塚遺跡庭園,11793,36,0
0,841,東京駅,JA十和田おいらせ ファーマーズ・マーケット かだぁ～れ,691732,489,10370.0
0,842,東京駅,円谷英二ミュージアム,230024,173,5970.0
0,843,東京駅,立ち寄りの湯　軽井沢千ヶ滝温泉,177228,146,5020.0
0,844,東京駅,稲村ヶ崎,72468,86,2380.0
0,845,東京駅,あんずの里アグリパーク,232302,176,6370.0
0,846,東京駅,みさと芝桜公園,138869,131,4190.0
0,847,東京駅,伊勢崎神社,113710,110,3580.0
0,848,東京駅,高津戸峡,136858,127,3900.0
0,849,東京駅,キャンプ・アンド・キャビンズ那須高原,185220,145,5050.0
0,850,東京駅,ラーラ松本,238676,179,5940.0
0,851,東京駅,前橋東照宮,127909,110,4190.0
0,852,東京駅,水上高原スキーリゾート,198148,167,5220.0
0,853,東京駅,浦安市郷土博物館,19260,31,670.0
0,854,東京駅,テルメ柏陵・大江町健康温泉館,404916,296,9270.0
0,855,東京駅,ＨＡＫＵＢＡ　ＭＯＵＮＴＡＩＮ　ＨＡＲＢＯＲ,284230,243,6470.0
0,856,東京駅,道の駅　南房パラダイス,109963,105,3390.0
0,857,東京駅,阿仁スキー場,723010,537,9980.0
0,858,東京駅,松之山温泉センター　鷹の湯,242023,199,5910.0
0,859,東京駅,つつじ吊橋,195680,157,5050.0
0,860,東京駅,ABCいすみゴルフコース,89074,92,2480.0
0,861,東京駅,ＩＮＳＰＡ横浜,31687,41,1140.0
0,862,東京駅,岩瀬牧場,226171,176,5730.0
0,863,東京駅,会津高原だいくらスキー場,232882,204,4780.0
0,864,東京駅,奥只見湖遊覧船,276480,245,6490.0
0,865,東京駅,那古寺,96836,86,3390.0
0,866,東京駅,桐生天満宮,128336,121,3610.0
0,867,東京駅,千葉セントラルゴルフクラブ,67612,69,1850.0
0,868,東京駅,セイコーミュージアム,1298,6,0
0,869,東京駅,河口湖美術館,115386,99,3270.0
0,870,東京駅,スノーパーク尾瀬戸倉,193455,169,4920.0
0,871,東京駅,熊野那智神社　二人の女神が鎮まる社,354275,275,8710.0
0,872,東京駅,コニカミノルタ プラネタリウム満天 in Sunshine City,9286,17,400.0
0,873,東京駅,佐渡歴史伝説館,428321,446,8370.0
0,874,東京駅,王将果樹園,400987,295,9060.0
0,875,東京駅,軽井沢ニューアートミュージアム,173436,141,5020.0
0,876,東京駅,熱海遊覧船ＳＡＮＲＥＭＯ,115767,114,2650.0
0,877,東京駅,国営昭和記念公園　レインボープール,42919,63,1260.0
0,878,東京駅,山形まるごと館　紅の蔵,383027,277,8940.0
0,879,東京駅,キリンビール仙台工場（見学）,348678,261,8660.0
0,880,東京駅,鋸山ロープウェー,80896,74,2870.0
0,881,東京駅,北秋田市　くまくま園,649999,504,8860.0
0,882,東京駅,りんご温泉,413723,306,9270.0
0,883,東京駅,那須オルゴール美術館,189087,149,5050.0
0,884,東京駅,ヨシモト∞ホール,7967,25,0
0,885,東京駅,Ｆｕｎ　Ｓｐａｃｅ　芦ノ湖キャンプ村レイクサイドヴィラ,115344,106,3230.0
0,886,東京駅,福島宿,288921,216,7040.0
0,887,東京駅,しもだて美術館,82827,101,1670.0
0,888,東京駅,武家屋敷石黒家,592631,436,8860.0
0,889,東京駅,小安峡　大噴湯,519292,408,9360.0
0,890,東京駅,日光東照宮宝物館,160368,130,4370.0
0,891,東京駅,美和ささの湯,145786,134,3750.0
0,892,東京駅,津軽伝承工芸館,690171,479,10470.0
0,893,東京駅,カトリック松が峰教会,129534,117,3770.0
0,894,東京駅,入道崎,664728,490,9820.0
0,895,東京駅,ＰＩＣＡさがみ湖,64740,66,1960.0
0,896,東京駅,「ＳＬばんえつ物語」号,346243,254,8180.0
0,897,東京駅,愛犬の駅,159235,156,3650.0
0,898,東京駅,金成温泉　金成延年閣,437772,312,9840.0
0,899,東京駅,あすなろの里（キャンプ場）,51431,63,1670.0
0,900,東京駅,原美術館　ＡＲＣ,143995,126,4470.0
0,901,東京駅,あきた芸術村　温泉ゆぽぽ（日帰り入浴）,595512,439,8860.0
0,902,東京駅,玉敷神社,66174,73,1900.0
0,903,東京駅,ニプロハチ公ドーム,664265,463,9980.0
0,904,東京駅,日光市営　川治温泉　薬師の湯,177458,157,4270.0
0,905,東京駅,下賀茂温泉　銀の湯会館,201105,194,4100.0
0,906,東京駅,あだたら山ロープウェイ,279717,211,6690.0
0,907,東京駅,いわき市フラワーセンター,209090,171,5430.0
0,908,東京駅,伊豆大仁カントリークラブ,126759,122,2980.0
0,909,東京駅,とよま観光物産センター遠山之里,417076,322,9580.0
0,910,東京駅,嵐山渓谷,80250,80,2760.0
0,911,東京駅,ＰＩＣＡ富士西湖,123797,109,3270.0
0,912,東京駅,三陸ふるさと物産センター,507173,409,9580.0
0,913,東京駅,スーパードライ　ミュージアム,46827,52,1670.0
0,914,東京駅,桂川ウェルネスパーク,95944,89,2630.0
0,915,東京駅,信州伊那高原　赤そばの里,219045,168,5560.0
0,916,東京駅,益子の酒蔵　外池酒造（見学）,140965,122,3900.0
0,917,東京駅,渓流露天　湯元音無の湯,196522,161,4840.0
0,918,東京駅,十二湖,720078,540,10430.0
0,919,東京駅,森林ノ牧場,203769,156,5400.0
0,920,東京駅,フォレストサンズ長瀞,103998,100,3220.0
0,921,東京駅,バイロンネルソンカントリークラブ,196088,150,5260.0
0,922,東京駅,岩手高原スノーパーク,570145,407,8720.0
0,923,東京駅,高橋フルーツランド,353009,262,8060.0
0,924,東京駅,横手市平鹿ときめき交流センターゆっぷる,553044,398,8730.0
0,925,東京駅,御鼻部山展望台,681252,494,9770.0
0,926,東京駅,露天こぶしの湯,240515,178,6040.0
0,927,東京駅,秋田市立赤れんが郷土館,610397,437,9420.0
0,928,東京駅,エリスマン邸,36939,50,1290.0
0,929,東京駅,佐倉きのこ園,50172,50,1690.0
0,930,東京駅,甲斐黄金村・湯之奥金山博物館,174618,138,4520.0
0,931,東京駅,日本庭園「見浜園」,33308,44,960.0
0,932,東京駅,マウンテンフィールド宮城蔵王すみかわスノーパーク,356564,271,7880.0
0,933,東京駅,横手公園,548414,396,8580.0
0,934,東京駅,野沢温泉スパリーナ（日帰り入浴）,283756,220,7020.0
0,935,東京駅,佐原の町並み,93253,83,3050.0
0,936,東京駅,樹氷ライトアップ観賞会,380728,303,8310.0
0,937,東京駅,カーブドッチワイナリー,327970,251,7960.0
0,938,東京駅,男体山,185700,219,4420.0
0,939,東京駅,伊豆にらやまカントリークラブ,144894,137,3700.0
0,940,東京駅,ポーラ美術館,1187,5,0
0,941,東京駅,陸奥総社宮,353074,264,8810.0
0,942,東京駅,精進湖,127773,113,3270.0
0,943,東京駅,天元台高原,346354,292,7170.0
0,944,東京駅,鈴立山若松寺,398694,295,9060.0
0,945,東京駅,天然温泉つるしの湯,305058,233,7320.0
0,946,東京駅,バーデハウスふくち,671239,471,10190.0
0,947,東京駅,つり幸,21728,33,660.0
0,948,東京駅,日光ストロベリーパーク,153963,129,4270.0
0,949,東京駅,霧降ノ滝,161867,131,4370.0
0,950,東京駅,上目黒氷川神社,9931,28,0
0,951,東京駅,那須　千本松牧場　千本松温泉,169600,131,4780.0
0,952,東京駅,あきた角館西宮家,590275,433,8860.0
0,953,東京駅,道の駅　みのぶ,173694,137,4520.0
0,954,東京駅,フォンテーヌの森ＣＡＭＰ＆ＢＢＱ１９９２,67357,68,2260.0
0,955,東京駅,蔵王町伝統産業会館（みやぎ蔵王こけし館）,347808,258,7880.0
0,956,東京駅,鷹山ファミリー牧場,209955,178,4840.0
0,957,東京駅,道の駅　大館能代空港,684575,481,9980.0
0,958,東京駅,尾畑酒造（見学）,426812,444,8370.0
0,959,東京駅,山形県立博物館,384646,284,8940.0
0,960,東京駅,八幡平ビジターセンター,647634,461,9630.0
0,961,東京駅,チャチャワールドいしこし,442085,317,9840.0
0,962,東京駅,松田山ハーブガーデン,77385,76,2530.0
0,963,東京駅,五浦海岸,177579,143,4760.0
0,964,東京駅,大湯環状列石,639564,446,9770.0
0,965,東京駅,ロマンの森共和国,79984,85,2260.0
0,966,東京駅,戸隠森林植物園,294265,224,7270.0
0,967,東京駅,磯山観光いちご園,106859,107,3050.0
0,968,東京駅,ヤマキ醸造（見学）,117517,111,3580.0
0,969,東京駅,栃木県立美術館,129625,116,3770.0
0,970,東京駅,いわき震災伝承みらい館,218177,176,5430.0
0,971,東京駅,狭山ベリーランド,58676,68,2170.0
0,972,東京駅,みやぎ蔵王セントメリースキー場,367451,261,8590.0
0,973,東京駅,オリムピック・スタッフ都賀ゴルフコース,107210,96,3260.0
0,974,東京駅,八戸市営魚菜小売市場,668887,473,10190.0
0,975,東京駅,道の駅　雫石あねっこ　橋場温泉　新はしばの湯（日帰り入浴）,563495,405,8580.0
0,976,東京駅,乙字ヶ滝,231094,175,6040.0
0,977,東京駅,天窓洞,191978,176,4100.0
0,978,東京駅,道の駅　大滝温泉　遊湯館,133087,139,3650.0
0,979,東京駅,みやぎ蔵王白石スキー場,348964,261,7880.0
0,980,東京駅,蔵王猿倉スキー場,366401,280,8060.0
0,981,東京駅,高館・義経堂,464492,328,10380.0
0,982,東京駅,宮沢賢治イーハトーブ館,517755,365,8160.0
0,983,東京駅,奥志賀高原スキー場,296426,249,6870.0
0,984,東京駅,津軽こけし館,689989,478,10470.0
0,985,東京駅,羽黒山,477877,367,10050.0
0,986,東京駅,盛美園,688218,478,10470.0
0,987,東京駅,小田急山中湖フォレストコテージ,120285,110,3230.0
0,988,東京駅,小田原城カントリー倶楽部,96126,97,2860.0
0,989,東京駅,大子広域公園オートキャンプ場グリンヴィラ,166322,162,3750.0
0,990,東京駅,酒田市美術館,492824,365,10890.0
0,991,東京駅,都留カントリー倶楽部,99044,91,2830.0
0,992,東京駅,猪苗代城跡（亀ヶ城公園）,279126,206,6880.0
0,993,東京駅,雫石スキー場,564265,408,8580.0
0,995,東京駅,白駒の池,227125,185,5440.0
0,996,東京駅,宇都宮タワー,131621,123,3770.0
0,997,東京駅,老神温泉　湯元華亭,171435,144,4920.0
0,998,東京駅,前沢曲家集落,233484,204,4780.0
0,999,東京駅,小澤酒造（見学）,80113,92,1920.0
0,1000,東京駅,横浜市こども植物園,41257,52,1570.0
0,1001,東京駅,レイクウッドゴルフクラブサンパーク明野コース,150696,122,4090.0
0,1002,東京駅,館山いちご狩りセンター,100730,91,3390.0
0,1003,東京駅,ふくい南青山291,6855,21,0
0,1004,東京駅,清龍酒造（見学）,48215,57,1420.0
0,1005,東京駅,池田２０世紀美術館,158488,155,3650.0
0,1006,東京駅,ほったらかし温泉　あっちの湯・こっちの湯,128541,118,3330.0
0,1007,東京駅,ＰＩＣＡ富士吉田（キャンプ場）,113708,97,3270.0
0,1008,東京駅,サンタヒルズ,169385,146,4400.0
0,1009,東京駅,石岡市つくばねオートキャンプ場,88772,88,2470.0
0,1010,東京駅,象牙と石の彫刻美術館～ジュエルピア～,158527,154,3650.0
0,1011,東京駅,神割崎,423600,333,9580.0
0,1012,東京駅,平泉文化遺産センター,464615,328,10380.0
0,1013,東京駅,たざわ湖スキー場,594477,442,8580.0
0,1014,東京駅,あづま果樹園,293471,213,7170.0
0,1015,東京駅,印旛沼サンセットヒルズ,55579,70,1510.0
0,1016,東京駅,朝日森天満宮,90847,88,2780.0
0,1017,東京駅,下田港内めぐり（黒船サスケハナ）,190902,179,4100.0
0,1018,東京駅,喜多方の町並み,313493,236,7260.0
0,1019,東京駅,阿賀野川ライン舟下り,362808,270,8320.0
0,1020,東京駅,メープル那須高原キャンプグランド,192686,156,5050.0
0,1021,東京駅,コニカミノルタプラネタリウム天空 in 東京スカイツリータウン®,6906,24,0
0,1022,東京駅,ＰＩＣＡ八ヶ岳明野,153834,127,4090.0
0,1023,東京駅,石廊崎岬めぐり遊覧船,206836,202,4100.0
0,1024,東京駅,ラインヒルゴルフクラブ,144555,119,4160.0
0,1025,東京駅,瀋秀園,19825,31,660.0
0,1026,東京駅,秋田県立近代美術館,543451,385,8580.0
0,1027,東京駅,鯛の浦遊覧船,107598,117,2480.0
0,1028,東京駅,白河関の森公園,214505,172,5400.0
0,1029,東京駅,猫神社,3027,12,0
0,1030,東京駅,舟形若あゆ温泉清流センター,444436,326,9360.0
0,1031,東京駅,ベビースターランド,36401,46,1300.0
0,1032,東京駅,コスモプラネタリウム渋谷,7765,23,0
0,1033,東京駅,猪苗代ハーブ園,280606,208,6880.0
0,1034,東京駅,安曇野市豊科近代美術館,234370,175,5940.0
0,1035,東京駅,カントリークラブ グリーンバレイ,148610,119,4090.0
0,1036,東京駅,会津高原南郷スキー場,249467,222,4780.0
0,1037,東京駅,啄木新婚の家,546215,388,8580.0
0,1038,東京駅,ＪＡＬ工場見学～ＳＫＹ　ＭＵＳＥＵＭ～,20345,30,610.0
0,1039,東京駅,休養宿泊施設　鳥海荘（日帰り入浴）,520731,411,9360.0
0,1040,東京駅,浅間大滝,196623,169,5020.0
0,1041,東京駅,夕陽海岸,97923,88,3390.0
0,1042,東京駅,満天ビューテラス,237075,212,6740.0
0,1043,東京駅,霞山カントリー倶楽部,145983,127,4470.0
0,1044,東京駅,湯河原カンツリー倶楽部,99946,104,2860.0
0,1045,東京駅,湘南平,66546,72,2280.0
0,1046,東京駅,シーボニアマリーナ,82448,93,2730.0
0,1047,東京駅,笹川流れ観光汽船,413365,316,9190.0
0,1048,東京駅,大梅拈華山　圓通　正法寺,477856,345,10380.0
0,1049,東京駅,白石温泉　薬師の湯（日帰り入浴）,334389,244,7880.0
0,1050,東京駅,目黒川,10289,22,370.0
0,1051,東京駅,温浴ランドおが,658551,484,9820.0
0,1052,東京駅,矢板カントリークラブ,162673,135,4400.0
0,1053,東京駅,津軽三味線会館,723161,509,10610.0
0,1054,東京駅,鶴の名湯　温湯温泉,688854,477,10470.0
0,1055,東京駅,あきた県産品プラザ,610305,436,9420.0
0,1056,東京駅,ＡＮＡ機体工場見学,22218,31,650.0
0,1058,東京駅,上杉家廟所,327223,246,7170.0
0,1059,東京駅,室岩洞,198070,186,4100.0
0,1060,東京駅,みいずみ温泉吉乃ゆ,401486,287,9270.0
0,1061,東京駅,富士ロイヤルカントリークラブ,162537,130,4390.0
0,1062,東京駅,相模湖,61665,58,1960.0
0,1063,東京駅,石廊埼灯台,208662,204,4100.0
0,1064,東京駅,岩手山,572089,407,8860.0
0,1065,東京駅,鳥海山(秋田県),534757,421,11010.0
0,1066,東京駅,焼走り熔岩流,569664,402,8860.0
0,1067,東京駅,角館の町並み,591377,434,8860.0
0,1068,東京駅,オルゴール博物館　ホール・オブ・ホールズ,167789,137,4240.0
0,1069,東京駅,千波湖,117965,107,3600.0
0,1070,東京駅,秩父錦　酒づくりの森,119389,118,3650.0
0,1071,東京駅,月岡カリオンパーク,363347,271,8650.0
0,1072,東京駅,深谷駅,97960,96,3220.0
0,1073,東京駅,鬼怒川温泉オートキャンプ場,169890,148,4270.0
0,1074,東京駅,西の河原公園,22501,47,600.0
0,1075,東京駅,宮ヶ瀬湖,71927,75,1750.0
0,1076,東京駅,天童高原,409061,306,9060.0
0,1077,東京駅,日川浜オートキャンプ場,116167,114,3280.0
0,1078,東京駅,いわむらかずお絵本の丘美術館,178698,159,4400.0
0,1080,東京駅,studio iiro,103528,103,2860.0
0,1081,東京駅,中津川渓谷,296069,228,6880.0
0,1082,東京駅,宇都宮カンツリークラブ,136961,113,4060.0
0,1083,東京駅,笹川流れ,414744,318,9190.0
0,1084,東京駅,小田原城址公園こども遊園地,84625,78,2650.0
0,1085,東京駅,高萩八幡宮,163437,128,4620.0
0,1086,東京駅,ライジングフィールド軽井沢,178701,151,5020.0
0,1087,東京駅,日本海カントリークラブ,381907,280,9190.0
0,1088,東京駅,大月カントリークラブ,85090,90,2090.0
0,1089,東京駅,ヴィレッジ東軽井沢ゴルフクラブ,156797,128,4720.0
0,1090,東京駅,志賀高原焼額山スキー場,288173,233,6870.0
0,1091,東京駅,石の美術館ＳＴＯＮＥＰＬＡＺＡ,197105,160,5050.0
0,1092,東京駅,伊豆極楽苑,153879,131,4100.0
0,1093,東京駅,フジテレビ本社ビル球体展望室　「はちたま」,8005,25,0
0,1094,東京駅,蔵王連峰,380728,303,8310.0
0,1095,東京駅,秋保リゾート森林スポーツ公園キャンプ場,366306,268,8400.0
0,1096,東京駅,最勝院五重塔,683530,483,10330.0
0,1097,東京駅,サントリー登美の丘ワイナリー,144036,137,3790.0
0,1098,東京駅,栃木県立博物館,128541,113,3770.0
0,1099,東京駅,滝沢園キャンプ場,79398,82,2460.0
0,1100,東京駅,エルツおもちゃ博物館・軽井沢（ムーゼの森）,173806,140,5020.0
0,1101,東京駅,八甲田山,738716,524,10820.0
0,1102,東京駅,青森ベイブリッジ,719708,508,10820.0
0,1103,東京駅,リバーサカワ・ゴルフクラブ,90575,93,2530.0
0,1104,東京駅,茨城パシフィックカントリー倶楽部,172691,136,4760.0
0,1105,東京駅,アメリカキャンプ村,90507,106,1920.0
0,1106,東京駅,身延山,186834,155,4520.0
0,1107,東京駅,飯盛山,300886,225,7260.0
0,1108,東京駅,上杉神社宝物殿　稽照殿,325615,243,7170.0
0,1109,東京駅,不動丸,113363,110,3280.0
0,1110,東京駅,梅ノ郷ゴルフ倶楽部,159636,135,4720.0
0,1111,東京駅,薬師寺八幡宮,105487,115,2230.0
0,1112,東京駅,本坊酒造マルス信州蒸溜所（見学）,242151,180,6040.0
0,1113,東京駅,裏磐梯スキー場,296861,228,6880.0
0,1114,東京駅,資生堂グローバルイノベーションセンター,34529,43,1230.0
0,1115,東京駅,國魂神社,181598,141,5010.0
0,1116,東京駅,一関市博物館,454172,321,10170.0
0,1117,東京駅,Fly Station Japan,28812,41,880.0
0,1118,東京駅,菅平牧場,230960,188,5910.0
0,1119,東京駅,埼玉国際ゴルフ倶楽部,117794,112,3580.0
0,1120,東京駅,夕陽温泉・ＷＡＯ,670941,483,14490.0
0,1121,東京駅,ウエストリバーオートキャンプ場,152063,129,4150.0
0,1122,東京駅,大法師公園,156818,131,4340.0
0,1123,東京駅,清里ミルクプラント（見学）,167874,138,4240.0
0,1124,東京駅,小田原湯本カントリークラブ,87982,80,2650.0
0,1125,東京駅,雪入ふれあいの里公園,82620,85,2470.0
0,1126,東京駅,萩原フルーツ農園,123355,110,3330.0
0,1127,東京駅,製粉ミュージアム,80889,80,2540.0
0,1128,東京駅,湯ノ湖,188565,157,4420.0
0,1129,東京駅,カルデラ温泉館,466911,353,9360.0
0,1130,東京駅,上山観光フルーツ園,356898,269,8060.0
0,1131,東京駅,安藤醸造本店,591032,434,12250.0
0,1132,東京駅,みちのく民俗村,494825,351,10880.0
0,1133,東京駅,コニカミノルタプラネタリアYOKOHAMA,32843,43,1140.0
0,1134,東京駅,大洗町幕末と明治の博物館,122565,105,3810.0
0,1135,東京駅,カップヌードルミュージアムパーク,34898,45,1230.0
0,1136,東京駅,旧甲斐家蔵住宅,313392,235,7260.0
0,1137,東京駅,寝姿山（下田ロープウェイ）,190729,179,4100.0
0,1138,東京駅,下田ロープウェイ,190729,179,4100.0
0,1139,東京駅,入畑温泉　瀬目乃湯,510909,364,11050.0
0,1140,東京駅,松戸市戸定歴史館,22353,43,560.0
0,1141,東京駅,東京ゲートブリッジ,13838,34,0
0,1142,東京駅,ＳＴＲＡＷＢＥＲＲＹ　ＦＡＲＭ　陽一郎園,139815,116,4470.0
0,1143,東京駅,九十九里オートキャンプ場　太陽と海,105303,108,2470.0
0,1144,東京駅,金華山,388683,286,9030.0
0,1145,東京駅,胎内フィッシングパーク,387447,293,9010.0
0,1146,東京駅,横浜・八景島シーパラダイス　アクアリゾーツ,50820,62,1690.0
0,1147,東京駅,片品ほたか牧場キャンプ場,190658,177,4920.0
0,1148,東京駅,稲取ゴルフクラブ,177285,179,3650.0
0,1149,東京駅,春日神社,5375,19,0
0,1150,東京駅,十和田ビジターセンター,664589,475,13550.0
0,1151,東京駅,福島空港公園,231616,177,6040.0
0,1152,東京駅,ＹＯＫＯＳＵＫＡ軍港めぐり,68888,77,2320.0
0,1153,東京駅,恋人岬ステラハウス,180319,162,4100.0
0,1154,東京駅,ＫＩＺＵＮＡの森　和島オートキャンプ場,310454,237,7530.0
0,1155,東京駅,松島国際カントリークラブ,367593,275,9270.0
0,1156,東京駅,秋田市立千秋美術館,610397,436,13050.0
0,1157,東京駅,秩父フルーツファーム,114881,118,3650.0
0,1158,東京駅,よもぎた物産館・マルシェよもぎた,733165,519,15050.0
0,1159,東京駅,すみだリバーウォーク,5461,20,0
0,1160,東京駅,酸ヶ湯キャンプ場,709465,503,14550.0
0,1161,東京駅,和蔵酒造,62664,67,2270.0
0,1162,東京駅,石と賢治のミュージアム,465388,342,10170.0
0,1163,東京駅,翡翠園,8770,26,0
0,1164,東京駅,黒石寺,475599,343,10380.0
0,1165,東京駅,松島レトロ館,364044,273,9120.0
0,1166,東京駅,成島三熊野神社・毘沙門堂,523564,370,11450.0
0,1167,東京駅,勝沼醸造,109706,90,3160.0
0,1168,東京駅,十和田湖遊覧船,664826,475,13550.0
0,1169,東京駅,Ｍｔ．ＫＯＳＨＡ　よませ温泉スキー場,269987,213,6870.0
0,1170,東京駅,吹割の滝,173532,145,4920.0
0,1171,東京駅,宝山酒造（見学）,326640,245,7960.0
0,1172,東京駅,無量光院跡,464805,327,10380.0
0,1173,東京駅,雲井の滝,679272,491,13550.0
0,1174,東京駅,テルメ末広,18135,32,630.0
0,1175,東京駅,沼津港　港八十三番地,127016,118,3740.0
0,1176,東京駅,姨捨の棚田,236763,189,6370.0
0,1177,東京駅,伊東カントリークラブ,151308,157,3440.0
0,1178,東京駅,ウッドルーフ奥秩父オートキャンプ場,135263,142,3650.0
0,1179,東京駅,旧木沢小学校,297806,241,6330.0
0,1180,東京駅,裏見ノ滝,174227,180,4420.0
0,1181,東京駅,星溪園,85347,88,2760.0
0,1182,東京駅,奥久慈ゆばの里（見学）,166790,161,3750.0
0,1183,東京駅,奥松島遊覧船（嵯峨渓遊覧）,383639,289,9580.0
0,1184,東京駅,小室山リッジウォーク　ＭＩＳＯＲＡ,143053,153,3080.0
0,1185,東京駅,本栖湖遊覧船「もぐらん」,130469,117,3270.0
0,1186,東京駅,大川美術館,128265,121,3610.0
0,1187,東京駅,旧碓氷峠見晴台,177609,150,5020.0
0,1189,東京駅,北茨城市家族キャンプ村花園オートキャンプ場,179664,145,4760.0
0,1190,東京駅,長野国際カントリークラブ,267686,204,6870.0
0,1191,東京駅,丸文松島汽船,363370,271,9120.0
0,1192,東京駅,ブナの里白神館（日帰り入浴）,700407,504,14350.0
0,1193,東京駅,ニューサンピア埼玉おごせ　梅の湯,77098,89,2450.0
0,1194,東京駅,四尾連湖,144627,136,3580.0
0,1195,東京駅,八甲田スキー場,731824,515,15050.0
0,1196,東京駅,三崎公園　潮見台,198977,168,5010.0
0,1197,東京駅,長瀞ラインくだり,105719,103,3220.0
0,1198,東京駅,大出の吊橋,281669,240,6470.0
0,1199,東京駅,ふなばしアンデルセン公園子ども美術館,36616,65,960.0
0,1200,東京駅,夫婦かっぱの湯,800751,611,14630.0
0,1201,東京駅,白神山地（秋田県）,693747,504,14490.0
0,1202,東京駅,藤里コース,693747,504,14490.0
0,1203,東京駅,竜王ラドン温泉,133738,106,3790.0
0,1204,東京駅,なまはげオートキャンプ場,657953,482,13620.0
0,1205,東京駅,榛名湖オートキャンプ場,154813,140,4470.0
0,1206,東京駅,浮木神社,598427,446,11850.0
0,1207,東京駅,最上川三難所そば街道,413547,296,9360.0
0,1208,東京駅,すみだ郷土文化資料館,6204,22,0
0,1209,東京駅,ロリアンワイン白百合醸造,111875,93,3160.0
0,1210,東京駅,小田原市いこいの森リキャンプおだわら,82614,76,2650.0
0,1211,東京駅,小田原市いこいの森,82614,76,2650.0
0,1212,東京駅,塩山カントリー倶楽部,119427,106,3160.0
0,1213,東京駅,阿修羅の流れ,680435,492,13550.0
0,1214,東京駅,天照御祖神社（通称 伊勢神社）,500433,356,10950.0
0,1215,東京駅,月あかりの庭,363543,271,8650.0
0,1216,東京駅,ヴィラデスト　ガーデンファーム　アンド　ワイナリー,204143,160,5750.0
0,1217,東京駅,秋田八幡平スキー場,648517,462,13350.0
0,1218,東京駅,真鶴半島遊覧船,97296,92,2860.0
0,1219,東京駅,新庄ふるさと歴史センター,450735,332,9360.0
0,1220,東京駅,崎陽軒横浜工場（見学）,30768,42,860.0
0,1221,東京駅,岩の原葡萄園,331098,247,8060.0
0,1223,東京駅,瓢湖,353021,264,8370.0
0,1224,東京駅,上毛高原キャンプグランド,158447,143,4470.0
0,1225,東京駅,相葉苺園,71567,70,2030.0
0,1226,東京駅,蔵王マウンテンファーム・山川牧場,363193,276,8060.0
0,1227,東京駅,千曲川展望公園,240195,190,6370.0
0,1228,東京駅,大仙市大台スキー場,589763,432,12250.0
0,1229,東京駅,茨城県植物園,121879,101,3750.0
0,1230,東京駅,伊豆長岡いちご狩りセンター,137058,116,3900.0
0,1231,東京駅,きのこ苑お山のたいしょう,90603,84,2860.0
0,1232,東京駅,城峯公園キャンプ場,127335,125,3580.0
0,1233,東京駅,東京都観光汽船,5212,20,0
0,1234,東京駅,わかやま紀州館,900,4,0
0,1235,東京駅,ｏｕｔｓｉｄｅ　ＢＡＳＥ,198351,172,5020.0
0,1236,東京駅,五頭山麓いこいの森,367353,270,8740.0
0,1237,東京駅,漆山果樹園,342253,255,7480.0
0,1238,東京駅,駒ヶ根高原スキー場,240266,177,6040.0
0,1239,東京駅,長瀞　古沢園,103412,99,3220.0
0,1240,東京駅,みやぎ蔵王七ヶ宿スキー場,337739,262,7440.0
0,1241,東京駅,柿其渓谷,319822,258,6720.0
0,1242,東京駅,ｎｅｇｕｒａ　ｃａｍｐｇｒｏｕｎｄ,138971,123,3700.0
0,1243,東京駅,南湖公園　翠楽苑,206226,164,5400.0
0,1244,東京駅,猪苗代湖モビレージ,286351,214,6880.0
0,1246,東京駅,カヤの平高原キャンプ場,292553,249,7020.0
0,1247,東京駅,観自在王院跡,457334,327,10170.0
0,1248,東京駅,森アーツセンターギャラリー,5167,17,0
0,1249,東京駅,城ヶ倉大橋,705707,497,14550.0
0,1250,東京駅,盛岡天満宮,543383,391,11750.0
0,1251,東京駅,目黒邸（国指定重要文化財）,250262,197,6490.0
0,1252,東京駅,天竜舟下り,286407,211,6720.0
0,1253,東京駅,岩下こけし資料館,435009,324,9310.0
0,1254,東京駅,ベンセ湿原,733613,525,14750.0
0,1255,東京駅,おしゃぎり会館（村上市郷土資料館）,392765,288,9190.0
0,1256,東京駅,青木湖,271126,224,5940.0
0,1257,東京駅,田沢湖遊覧船,588712,434,11850.0
0,1258,東京駅,東京宝くじドリーム館,1332,6,0
0,1259,東京駅,こっこランド那須Ｆ．Ｃ．Ｇ,192980,155,5050.0
0,1260,東京駅,白岩渓流園キャンプ場,102214,112,2280.0
0,1261,東京駅,蔵王高原,371201,286,8060.0
0,1262,東京駅,いろは坂,39977,52,1260.0
0,1263,東京駅,亀山湖 つばきもと,77199,81,2070.0
0,1264,東京駅,大町・青木湖アドベンチャークラブ,271638,226,5940.0
0,1265,東京駅,星野リゾート　青森屋　元湯,686348,478,14630.0
0,1266,東京駅,ガトーフェスタ　ハラダ本社工場（見学）,111123,105,3580.0
0,1267,東京駅,きぬがわ高原カントリークラブ,188614,173,4270.0
0,1268,東京駅,出会いの森いちご園,124464,114,3440.0
0,1269,東京駅,自然湖,285461,248,5750.0
0,1270,東京駅,むつ下北観光物産館（まさかりプラザ）,775466,579,14630.0
0,1271,東京駅,鳥海高原矢島スキー場,528745,419,9360.0
0,1272,東京駅,氷川神社,6058,24,0
0,1273,東京駅,米沢スキー場,326726,242,7170.0
0,1274,東京駅,いわき市遠野オートキャンプ場,207968,167,5260.0
0,1275,東京駅,道の駅　富弘美術館,157064,152,3900.0
0,1276,東京駅,城ヶ崎オレンジ村,161091,159,3650.0
0,1277,東京駅,カシマサッカーミュージアム,106626,95,3280.0
0,1279,東京駅,酒蔵くらしっく　小原酒造（見学）,311933,233,7260.0
0,1280,東京駅,キリンビール取手工場（見学）,50879,72,1400.0
0,1281,東京駅,シャトー・メルシャン椀子ワイナリー,207247,166,5750.0
0,1282,東京駅,龍王峡,172116,150,4270.0
0,1283,東京駅,貴船神社,9941,32,0
0,1284,東京駅,田沢湖オートキャンプ場縄文の森たざわこ,590302,437,11850.0
0,1285,東京駅,神宮球場（明治神宮野球場）,6023,18,0
0,1286,東京駅,山逢の里キャンプ場,116616,117,3650.0
0,1287,東京駅,横手山,236279,211,6740.0
0,1288,東京駅,清里フォトアートミュージアム,166264,138,4240.0
0,1289,東京駅,大柳川渓谷,165908,140,4340.0
0,1290,東京駅,岩木山百沢スキー場,697295,509,14350.0
0,1291,東京駅,草加煎餅丸草一福　本店（見学）,26897,36,880.0
0,1292,東京駅,桐生明治館,127010,116,3610.0
0,1293,東京駅,笹川邸（重要文化財旧笹川家住宅）,323835,242,7960.0
0,1295,東京駅,種差海岸,683117,481,14050.0
0,1296,東京駅,蔵王ブルーベリーファーム,345848,255,7880.0
0,1297,東京駅,ただかね農園,111986,110,3650.0
0,1298,東京駅,揚舟　谷田川めぐり,78715,72,2540.0
0,1299,東京駅,ファミリー農場さの,118987,98,3330.0
0,1300,東京駅,小岩井農場,6,0,0
0,1301,東京駅,左大臣 蔵元,163793,133,4920.0
0,1302,東京駅,城山公園,11117,37,0
0,1303,東京駅,庄内米歴史資料館,494256,368,10890.0
0,1304,東京駅,勝浦つるんつるん温泉直営オートキャンプ場,92606,95,2480.0
0,1305,東京駅,松島蒲鉾本舗　多賀城工場（見学）,349667,261,8710.0
0,1306,東京駅,ワイルドフィールズおじか,202095,170,4780.0
0,1307,東京駅,千倉オレンジセンター,111956,107,3390.0
0,1308,東京駅,箱根旧街道杉並木,99338,90,2650.0
0,1309,東京駅,「雨ニモマケズ」宮沢賢治詩碑,508564,362,11150.0
0,1310,東京駅,秩父彩の国キャンプ村,128939,141,3650.0
0,1311,東京駅,おだいばオートビレッジ（キャンプ場）,753378,543,15050.0
0,1312,東京駅,湯沢いちご村,199975,152,5740.0
0,1313,東京駅,十和田湖生出キャンプ場,661490,471,13550.0
0,1314,東京駅,七里ヶ浜海岸,73488,90,2380.0
0,1315,東京駅,日光東照宮美術館,160435,130,4370.0
0,1316,東京駅,日光さる軍団劇場,161828,134,4270.0
0,1317,東京駅,安達太良神社,257553,195,6440.0
0,1318,東京駅,須賀川市立博物館,230691,174,5970.0
0,1319,東京駅,赤城乳業　本庄千本さくら『５Ｓ』工場（見学）,100326,97,3220.0
0,1320,東京駅,荻ノ島かやぶき環状集落,259543,213,6140.0
0,1321,東京駅,花巻城址,507658,361,11150.0
0,1322,東京駅,PANZA宮沢湖,74054,76,2600.0
0,1323,東京駅,中島台・獅子ヶ鼻湿原,541049,414,11150.0
0,1324,東京駅,新潟大神宮,338297,258,8240.0
0,1325,東京駅,日光白根山ロープウェイ,195754,170,4920.0
0,1326,東京駅,福島関所資料館,252886,200,5750.0
0,1327,東京駅,鎌倉パブリックゴルフ場,58239,83,1930.0
0,1328,東京駅,池の平湿原,212773,182,5620.0
0,1329,東京駅,諏訪峡,174111,134,5220.0
0,1331,東京駅,澗満滝展望台,277191,218,6870.0
0,1332,東京駅,清田山キャンプ場,232827,191,5910.0
0,1333,東京駅,ペリーロード,190941,180,4100.0
0,1334,東京駅,ふくしま逢瀬ワイナリー,250293,194,6150.0
0,1335,東京駅,牛たん通り・すし通り,5161,20,0
0,1336,東京駅,たびのＣＡＭＰＩＮＧ　ＢＡＳＥ　ＳＰＡ加美ゆーらんど,421425,320,9030.0
0,1337,東京駅,ＳＬもおか,135180,113,4030.0
0,1338,東京駅,ダイナミックゴルフ千葉,53943,57,1550.0
0,1339,東京駅,MoBS 黒船ミュージアム,190847,179,4100.0
0,1341,東京駅,古民家ファミリービレッジ　キャンプ／バーベキュー場,94254,100,2280.0
0,1342,東京駅,天城山,178315,193,3650.0
0,1343,東京駅,志賀高原中央エリアスキー場,280720,224,6870.0
0,1344,東京駅,いわきの里鬼ヶ城（キャンプ場）,246568,196,6040.0
0,1345,東京駅,銚子大滝,675007,486,13550.0
0,1346,東京駅,回顧の吊橋,176871,139,4780.0
0,1347,東京駅,御蔵入の里会津山村道場うさぎの森オートキャンプ場,213467,182,4780.0
0,1348,東京駅,芦ノ牧温泉かがやき公園,255089,217,5400.0
0,1349,東京駅,大沼湿原,190911,160,4780.0
0,1351,東京駅,鹿島台神社,379241,288,9370.0
0,1352,東京駅,ユーシン渓谷,83738,85,2460.0
0,1353,東京駅,十三湖,747531,540,14750.0
0,1354,東京駅,富士川・切り絵の森美術館,174852,140,4520.0
0,1355,東京駅,熊の鼻展望台,604283,510,9580.0
0,1356,東京駅,新島襄旧宅,140844,135,4190.0
0,1357,東京駅,ＭＴ．ＦＵＪＩ　ＣＡＭＰ　ＲＥＳＯＲＴ,119322,103,3270.0
0,1358,東京駅,鰺ヶ沢キャンピングパーク（キャンプ場）,738502,530,14750.0
0,1359,東京駅,くずまき高原牧場,594361,432,12250.0
0,1360,東京駅,Ｏｒｃｈａｒｄ－Ｇａｒｄｅｎ　水代果樹園,29769,63,560.0
0,1361,東京駅,寒河江市観光いちご園ストロベリーファーム,396690,281,9270.0
0,1362,東京駅,浅草着物レンタルARISA,5170,19,0
0,1363,東京駅,トンネルワインカーヴ,110204,90,3160.0
0,1364,東京駅,奥利根ワイナリー,157558,127,4810.0
0,1365,東京駅,ふくい食の國291,1275,6,0
0,1366,東京駅,亀山湖,76517,81,2070.0
0,1367,東京駅,岩出山城址（城山公園）,414666,301,9310.0
0,1368,東京駅,休暇村乳頭温泉郷乳頭キャンプ場,597513,446,11850.0
0,1369,東京駅,京急油壺温泉キャンプパーク,82771,93,2730.0
0,1370,東京駅,すぱ鬼首の湯,446429,338,9310.0
0,1371,東京駅,洞瀧山　総光寺,485864,374,9360.0
0,1372,東京駅,湯沢の造り酒屋（見学）,200433,152,5740.0
0,1373,東京駅,西明寺,18690,44,430.0
0,1374,東京駅,仙北市立角館町平福記念美術館,592661,436,12250.0
0,1375,東京駅,三嶋大社宝物館,129456,112,3700.0
0,1376,東京駅,軽井沢キャンプクレスト,197024,170,5020.0
0,1377,東京駅,秋田駒ヶ岳,600149,480,11850.0
0,1378,東京駅,奥会津博物館,213475,182,4780.0
0,1379,東京駅,いわき市暮らしの伝承郷,211232,168,5430.0
0,1380,東京駅,雪印メグミルク　阿見工場（見学）,75154,70,2520.0
0,1381,東京駅,ＭＧＶｓワイナリー（見学）,110787,92,3160.0
0,1382,東京駅,両関酒造（見学）,506604,391,9360.0
0,1383,東京駅,恵比寿ガーデンプレイス展望スペース　ＴＯＰ　ｏｆ　ＹＥＢＩＳＵ,8150,28,0
0,1384,東京駅,中善酒造店,254457,204,5750.0
0,1385,東京駅,羽黒山スキー場,479188,361,10050.0
0,1386,東京駅,志賀高原カントリークラブ,271356,215,6870.0
0,1387,東京駅,苺の里　毛呂山バリアフリー観光いちご園　西戸店,70297,77,2450.0
0,1388,東京駅,水戸黄門神社,119711,108,3600.0
0,1389,東京駅,奥入瀬湧水館,686660,499,13550.0
0,1390,東京駅,アグリコア越後ワイナリー,243441,184,6490.0
0,1391,東京駅,新島,252103,323,4100.0
0,1392,東京駅,大船渡市立博物館,497492,403,9580.0
0,1393,東京駅,山手資料館,36713,49,1290.0
0,1394,東京駅,高山稲荷神社,7643,23,0
0,1395,東京駅,鹿角市八幡平ふれあいやすらぎ温泉センターゆらら,647865,461,13350.0
0,1396,東京駅,天寿酒造（見学）,521476,410,9360.0
0,1397,東京駅,坂上ぶどう園,360526,261,8790.0
0,1398,東京駅,くるみの森キャンプ場,195265,169,5020.0
0,1399,東京駅,秋田酒類製造（見学）,612059,439,13050.0
0,1400,東京駅,喜多の華酒造場（見学）,313015,235,7260.0
0,1401,東京駅,願掛岩,836827,650,14630.0
0,1402,東京駅,滑沢渓谷,163696,145,4100.0
0,1403,東京駅,岡野果樹園,80709,72,2690.0
0,1404,東京駅,八戸市博物館,662841,459,14150.0
0,1405,東京駅,MALIBU POINT,100411,107,2480.0
0,1406,東京駅,宝福寺 唐人お吉記念館,190314,178,4100.0
0,1407,東京駅,菅原工芸硝子,6726,21,0
0,1408,東京駅,回顧の滝,177122,140,4780.0
0,1409,東京駅,本覚寺,5526,20,0
0,1410,東京駅,城ヶ崎ピクニカルコース,162112,161,3650.0
0,1411,東京駅,鶴ヶ城天守閣郷土博物館,301147,227,7260.0
0,1412,東京駅,旧吉田家住宅歴史公園,39277,51,1400.0
0,1413,東京駅,旧藤田家住宅（太宰治まなびの家）,682319,478,14350.0
0,1414,東京駅,多々良沼,84302,86,2540.0
0,1415,東京駅,北山崎,636720,542,9580.0
0,1416,東京駅,仙石原湿原,111792,100,3230.0
0,1417,東京駅,赤湯温泉　あっこポッポ湯,339541,251,7480.0
0,1418,東京駅,正受庵　座禅体験,271972,206,7020.0
0,1419,東京駅,ASOBINA,231748,178,5750.0
0,1420,東京駅,玉翠園・谷村美術館,357902,260,8720.0
0,1421,東京駅,霊山,313348,241,7160.0
0,1422,東京駅,須賀川物産店,230059,173,5970.0
0,1423,東京駅,鶴岡公園,475029,351,10420.0
0,1424,東京駅,旧制高等学校記念館,229540,178,5800.0
0,1425,東京駅,弥彦山ロープウェイ,328646,249,7960.0
0,1426,東京駅,物産販売所　いずもん,133749,110,3700.0
0,1427,東京駅,オリンピッククラブ,72647,77,2310.0
0,1428,東京駅,殺生河原,198084,189,4470.0
0,1429,東京駅,与那国馬ふれあい牧場,159556,158,3650.0
0,1430,東京駅,元祖天童観光果樹園,393006,283,9060.0
0,1431,東京駅,御釜神社,353955,271,8710.0
0,1432,東京駅,わたらせ渓谷鐵道,135634,124,3900.0
0,1433,東京駅,Outdoor Village ZION,191967,157,5220.0
0,1434,東京駅,酒井ワイナリー,339718,251,7480.0
0,1435,東京駅,大内宿町並み展示館,252544,216,5400.0
0,1436,東京駅,柴沼醤油醸造（見学）,69226,68,2260.0
0,1437,東京駅,下田の朝市,190753,179,4100.0
0,1438,東京駅,身延別院 身照寺,2284,9,0
0,1439,東京駅,ふるさと市場,4426,17,0
0,1440,東京駅,九蔵峠,276433,229,5750.0
0,1441,東京駅,動物たちが暮らす森　アニミル　お台場店,7914,25,0
0,1442,東京駅,九十九里浜,74065,81,1750.0
0,1443,東京駅,出羽桜美術館,392580,283,9060.0
0,1444,東京駅,毘沙門沼,291167,220,6880.0
0,1445,東京駅,雪印メグミルク　野田工場（見学）,38734,46,1400.0
0,1446,東京駅,海中観光船たてやま号,99728,92,3390.0
0,1447,東京駅,日本スキー博物館,285447,225,7020.0
0,1448,東京駅,越後桜酒造　白鳥蔵（見学）,351018,262,8370.0
0,1449,東京駅,屏風ケ浦,107773,123,2470.0
0,1450,東京駅,山形県立博物館教育資料館,382582,278,8940.0
0,1451,東京駅,宿根木（町並み）,452495,476,8370.0
0,1452,東京駅,原酒造（見学）,305950,227,7730.0
0,1453,東京駅,大中神社,168315,144,4360.0
0,1454,東京駅,妻籠宿本陣,307435,237,6720.0
0,1455,東京駅,箱根関所資料館,98712,90,2650.0
0,1456,東京駅,開田高原,269139,219,5750.0
0,1457,東京駅,虹見の滝,171382,149,4270.0
0,1458,東京駅,船宿あみ清,5023,19,0
0,1459,東京駅,日の出山荘,72702,77,1920.0
0,1460,東京駅,岩橋家,591302,435,12250.0
0,1461,東京駅,菅平高原スノーリゾート,227132,181,5910.0
0,1462,東京駅,甲斐ワイナリー,115055,100,3160.0
0,1463,東京駅,結城酒造（見学）,96445,104,2230.0
0,1464,東京駅,紫金園　須藤ぶどう酒工場,340969,253,7480.0
0,1465,東京駅,尾瀬ヶ原（群馬県）,201751,187,4920.0
0,1466,東京駅,いちご工房　木村屋,41607,63,1220.0
0,1467,東京駅,松島島巡り観光船,363006,271,9120.0
0,1468,東京駅,中津峡,164691,161,3900.0
0,1469,東京駅,箱根小涌園　蓬莱園,94768,87,2650.0
0,1470,東京駅,湯釜,232311,207,6740.0
0,1471,東京駅,西伊豆 戸田 福将丸,164994,153,3900.0
0,1472,東京駅,信州たかやまワイナリー,256869,206,6660.0
0,1473,東京駅,マリーンルージュ,36811,46,1300.0
0,1474,東京駅,諏訪神社,4540,18,0
0,1475,東京駅,JEWELRY Coseete,196589,162,5010.0
0,1476,東京駅,ＳＰＡガーラの湯,202971,156,5740.0
0,1477,東京駅,馬っこパーク・いわて,554188,387,12050.0
0,1478,東京駅,勝沼ワイン村,110350,92,3160.0
0,1479,東京駅,キャンピングガーデンモク,86190,86,2090.0
0,1480,東京駅,月の輪酒造店（見学）,532373,380,11550.0
0,1481,東京駅,堂ヶ島のトンボロ（瀬浜海岸）,191642,176,4100.0
0,1482,東京駅,ライオンアドベンチャー,281109,239,6470.0
0,1483,東京駅,蟹仙洞,355260,266,8060.0
0,1484,東京駅,ＪＡ鶴岡　メロン食べ放題,483666,354,10680.0
0,1485,東京駅,妙宣寺,32490,49,950.0
0,1487,東京駅,花園渓谷,183178,150,4760.0
0,1488,東京駅,和銅ぶどう園,106051,99,3650.0
0,1489,東京駅,大沼池,282847,225,6870.0
0,1490,東京駅,中禅寺湖機船,179549,147,4420.0
0,1491,東京駅,釣り船 荒川屋,8088,28,0
0,1492,東京駅,鎌倉観光いちご園,57483,82,1570.0
0,1493,東京駅,明王院,5671,22,0
0,1494,東京駅,象潟・九十九島,533273,405,11150.0
0,1495,東京駅,「太宰の宿」ふかうら文学館,732949,552,14490.0
0,1496,東京駅,サッポロビール　千葉工場（見学）,28273,37,960.0
0,1497,東京駅,長野県志賀高原自然保護センター,280845,223,6870.0
0,1498,東京駅,秩父ファーマーズファクトリー　兎田ワイナリー,111503,110,3650.0
0,1499,東京駅,相模湖休養村キャンプ場,65145,65,1960.0
0,1500,東京駅,雄国沼湿原,309897,264,7140.0
0,1501,東京駅,Cave de ワイン県やまなし,1397,6,0
0,1502,東京駅,CHOSHI KAYAKS,118419,138,2470.0
0,1503,東京駅,銚子海洋研究所,118419,138,2470.0
0,1504,東京駅,馬車道,4663,18,0
0,1505,東京駅,八幡平市田山スキー場,604929,424,12850.0
0,1507,東京駅,津軽鉄道,716535,502,14750.0
0,1509,東京駅,藍染のふる里　武州中島紺屋（見学）,74952,76,2360.0
0,1510,東京駅,スカイエンジェル,65066,72,2270.0
0,1511,東京駅,横手山展望台,236094,210,6740.0
0,1512,東京駅,森の灯キャンプ場,260646,195,6870.0
0,1513,東京駅,相模原市古民家園,66925,70,1750.0
0,1514,東京駅,りんご史料館,687241,476,14550.0
0,1515,東京駅,南部杜氏伝承館,519548,368,11250.0
0,1516,東京駅,仁賀保高原,544169,419,11150.0
0,1517,東京駅,会津高原ＩＮＡキャンプビレッジ,247791,221,4780.0
0,1518,東京駅,立石公園,11612,39,0
0,1519,東京駅,馬仙峡,626846,438,13350.0
0,1520,東京駅,滝口観光果樹園（本店）,404002,299,9060.0
0,1521,東京駅,益子の町並み,141154,122,3900.0
0,1522,東京駅,ベルクルーズいとうゆーみんフック,134370,134,3080.0
0,1523,東京駅,出羽三山歴史博物館,477877,367,10050.0
0,1524,東京駅,ロハスガルテンキャンプ場,113734,109,3580.0
0,1525,東京駅,亀岡ベース,379704,287,9580.0
0,1526,東京駅,三澤寺,223412,174,5560.0
0,1527,東京駅,南蔵王やまびこの森キャンプ場,331909,257,7440.0
0,1528,東京駅,安比ゴンドラ遊覧,587965,419,12450.0
0,1529,東京駅,富士急山梨ハイヤー株式会社,111981,94,3270.0
0,1530,東京駅,青森県近代文学館,713819,493,15050.0
0,1531,東京駅,男鹿遊覧透視船,664728,490,13620.0
0,1532,東京駅,男鹿海上遊覧船,664728,490,13620.0
0,1533,東京駅,Atease Lister,56466,81,1570.0
0,1534,東京駅,小淵沢絵本美術館,169132,130,4590.0
0,1535,東京駅,ニューグリーンピア津南キャンプ場,236240,194,5910.0
0,1536,東京駅,佐島マリーナ,73464,87,2380.0
0,1537,東京駅,立石寺,11703,40,0
0,1538,東京駅,元町公園,6346,20,0
0,1539,東京駅,カッパ淵,65922,68,2450.0
0,1540,東京駅,尾瀬沼（群馬県）,202603,178,4920.0
0,1541,東京駅,ドルフィンファンタジー,50855,62,1690.0
0,1542,東京駅,伝承館・異人館,3459,12,0
0,1543,東京駅,赤城乗馬クラブ,131723,118,4190.0
0,1544,東京駅,スキューバプロショップ伊豆・富戸店,162258,160,3650.0
0,1545,東京駅,日月神社,48127,62,1790.0
0,1546,東京駅,海釣り体験＠レンタル釣り竿　まるへい遊び隊,101176,95,3390.0
0,1547,東京駅,月夜野びーどろパーク,167385,134,5020.0
0,1548,東京駅,康楽館,3337,12,0
0,1549,東京駅,地蔵倉,464789,349,9360.0
0,1550,東京駅,陸中一宮 駒形神社,484179,346,10710.0
0,1551,東京駅,日本聖公会　日光真光教会,160528,130,4370.0
0,1552,東京駅,野沢温泉朝市,283987,221,7020.0
0,1553,東京駅,ザ・グランテラス,58004,67,2170.0
0,1554,東京駅,初孫酒造資料館「蔵探訪館」（見学）,492111,363,10890.0
0,1555,東京駅,秋田銘醸（見学）,506673,391,9360.0
0,1556,東京駅,鹿角市先人顕彰館,634432,440,13550.0
0,1557,東京駅,D・Anda,4987,19,0
0,1558,東京駅,松島直秀こけし製造元 二八屋物産店,363296,271,9120.0
0,1559,東京駅,光明寺,5006,19,0
0,1560,東京駅,小岩井乳業工場（見学）,555096,396,11850.0
0,1561,東京駅,黒埼灯台,427983,353,9580.0
0,1562,東京駅,ＫＰＳ那須高原パラグライダースクール,183765,146,4910.0
0,1563,東京駅,弘前の町並み,685739,487,14350.0
0,1564,東京駅,キモノレンタル和香,46556,71,1150.0
0,1566,東京駅,肘折温泉朝市,465508,350,9360.0
0,1567,東京駅,佐野らーめんミニ博物館,89690,86,2780.0
0,1568,東京駅,日の丸観光タクシー株式会社,307978,229,7760.0
0,1569,東京駅,陶芸工房 doka土火,115282,112,2650.0
0,1570,東京駅,今井浜フライングスクール,192295,191,4100.0
0,1571,東京駅,小谷流フォレストガーデン,65890,67,1750.0
0,1572,東京駅,小峯丸,48449,58,1470.0
0,1573,東京駅,ＫＩＤＳ　ＰＬＡＹＧＲＯＵＮＤ／／ＮＡＳＵ,185026,143,5050.0
0,1574,東京駅,最上公園,450859,332,9360.0
0,1575,東京駅,アルプスラインクルーズ,237549,180,5940.0
0,1576,東京駅,岩崎醸造株式会社,109165,88,3160.0
0,1577,東京駅,ワイン＆ビアミュージアム,204077,159,5750.0
0,1578,東京駅,横浜港内クルーズ,36459,45,1300.0
0,1579,東京駅,富士浅間神社,3766,14,0
0,1580,東京駅,龍泉洞,1354,6,0
0,1581,東京駅,仏ヶ浦観光遊覧船,833239,654,14630.0
0,1582,東京駅,羽黒山参道杉並木,474844,356,10050.0
0,1583,東京駅,UMI to YAMA,85460,78,2970.0
0,1584,東京駅,長勝寺,15920,51,0
0,1585,東京駅,宇宙航空研究開発機構　宇宙科学研究所　能代ロケット実験場（見学）,664077,474,14490.0
0,1586,東京駅,体験工房　はせ陶,63282,85,2170.0
0,1587,東京駅,三峯神社,7884,26,0
0,1588,東京駅,きものレンタル千成屋　笠間店,112860,99,3410.0
0,1589,東京駅,きものレンタル都,61719,79,2170.0
0,1590,東京駅,レンタル着物 三代目 英虎,68373,71,2310.0
0,1591,東京駅,堂ヶ島薬師堂,5851,24,0
0,1592,東京駅,超密室リアル体験型脱出ゲーム,7519,25,0
0,1593,東京駅,会津清川醸造元　清川商店（見学）,313464,236,7260.0
0,1594,東京駅,龍泉洞わっか,618115,523,9580.0
0,1595,東京駅,翠ヶ丘公園,41965,53,1410.0
0,1596,東京駅,鎌倉はんこ,61888,81,2170.0
0,1597,東京駅,陶芸工房mojomojo,158152,155,3650.0
0,1598,東京駅,羽黒神社,11793,22,450.0
0,1599,東京駅,みちのくミルク本社工場（見学）,409596,292,9310.0
0,1600,東京駅,六ヶ所地域振興開発　六趣醸造工房（見学）,744801,540,14630.0
0,1601,東京駅,オーナー制パル観光果樹農園,390273,279,9060.0
0,1602,東京駅,大越観光バス株式会社,131538,106,4030.0
0,1603,東京駅,ことぶき丸,148287,124,4360.0
0,1604,東京駅,桜山神社,65756,72,2380.0
0,1605,東京駅,伊香保ロープウェイ,145869,128,4470.0
0,1606,東京駅,那須高原　りんどう湖グランピング＆オートキャンプ場,188296,149,5050.0
0,1607,東京駅,mitsumame,142790,130,3840.0
0,1608,東京駅,芦ノ牧おみやげセンター,255373,217,5400.0
0,1609,東京駅,西蔵王公園キャンプ場,390522,284,8940.0
0,1610,東京駅,滝ノ沢展望台,673507,484,13550.0
0,1611,東京駅,古澤酒造資料館,398645,286,9270.0
0,1612,東京駅,会津鉄道,302610,226,7260.0
0,1613,東京駅,青葉神社,34913,49,1150.0
0,1614,東京駅,白樺リゾート黄金アカシアの丘,203975,171,4840.0
0,1615,東京駅,五百羅漢,6801,23,0
0,1616,東京駅,ササユリの里　天神原植物園,210595,208,4100.0
0,1617,東京駅,&Body,8911,30,0
0,1618,東京駅,西伊豆コースタルカヤックス,196966,185,4100.0
0,1619,東京駅,ぴょんぴょん舎　冷麺工房（見学）,548727,389,11850.0
0,1620,東京駅,東根のさくらんぼ狩り,412419,300,9360.0
0,1621,東京駅,白浜いちご狩りセンター,111914,107,3390.0
0,1622,東京駅,Nagomi Nature Connections,120856,108,3270.0
0,1623,東京駅,田苗代湿原,718257,558,14490.0
0,1624,東京駅,水上峡,175541,136,5220.0
0,1625,東京駅,御浜岬,166088,155,3900.0
0,1626,東京駅,鴨川シーリゾート　ＳＴＡＹ　ＧＯＬＤ,92499,105,2260.0
0,1627,東京駅,松本家,1958,8,0
0,1628,東京駅,三四郎島,191642,176,4100.0
0,1629,東京駅,報徳二宮神社,41995,50,1410.0
0,1630,東京駅,最上峡,461546,343,9360.0
0,1631,東京駅,美空ひばり記念歌碑,44655,57,1520.0
0,1632,東京駅,東京ガラス工房 凛然,9326,32,0
0,1633,東京駅,"A_STAND Mt,Fuji",117980,103,3270.0
0,1634,東京駅,牡鹿半島,421722,338,9580.0
0,1635,東京駅,銀杏山神社,683548,492,14490.0
0,1636,東京駅,めがね橋,40135,55,1260.0
0,1637,東京駅,金鶏山,464698,329,10380.0
0,1638,東京駅,STATION LOBBY,69694,73,2260.0
0,1639,東京駅,舞子高原オートキャンプ場,211601,164,5910.0
0,1640,東京駅,松島地区漁業組合生かき直売所,371702,279,9370.0
0,1641,東京駅,裏磐梯ロープウェイ,298544,231,6880.0
0,1642,東京駅,Wakamatsu Preserve,44310,50,1340.0
0,1643,東京駅,スキューバプロショップ渋谷店,7603,24,0
0,1644,東京駅,森のチャペル軽井沢礼拝堂,173614,142,5020.0
0,1645,東京駅,ツチのコ堂,57526,85,1570.0
0,1646,東京駅,八幡平樹海ライン,596896,430,12450.0
0,1647,東京駅,B-YARD MITAKE,81287,94,1920.0
0,1648,東京駅,くらしな果樹園,157713,123,4920.0
0,1649,東京駅,ブライダルサロンオリオン,170912,137,5020.0
0,1650,東京駅,オートキャンプオーシャンビュー鴨川,95176,110,2260.0
0,1651,東京駅,富士漫遊社,115268,100,3270.0
0,1652,東京駅,キレイジャパンインターナショナル　KIREI JAPAN INTERNATIONAL,12554,29,370.0
0,1653,東京駅,金峰神社,139552,126,3790.0
0,1654,東京駅,えんむすびの社　二柱神社,83711,96,1920.0
0,1655,東京駅,榛名湖遊覧船,157706,143,4470.0
0,1656,東京駅,Water＆Snow SPICE,498521,357,10880.0
0,1657,東京駅,地獄沼,83876,79,2980.0
0,1658,東京駅,釣友丸,134270,112,4020.0
0,1659,東京駅,不動滝,19849,38,600.0
0,1660,東京駅,原始布古代織参考館・出羽の織座　米澤民藝館,325364,243,7170.0
0,1661,東京駅,江ノ島 3E,57664,86,1570.0
0,1662,東京駅,真成丸,141541,128,3700.0
0,1663,東京駅,熱川ハーブテラス,168069,168,3650.0
0,1664,東京駅,尾瀬観光タクシー,184617,158,4920.0
0,1665,東京駅,キューピットバレイキャンプサイト,284223,248,6140.0
0,1666,東京駅,鶴舞温泉,72232,70,2480.0
0,1667,東京駅,弘道館,2913,11,0
0,1668,東京駅,小倉の棚田,362283,277,8060.0
0,1669,東京駅,正覚寺,4926,19,0
0,1670,東京駅,アクオスーイズ,155843,151,3650.0
0,1671,東京駅,モード・マリエ,8280,27,0
0,1672,東京駅,新幹線総合車両センター,8760,31,0
0,1673,東京駅,工場夜景とみなとみらいクルーズ,34148,42,1230.0
0,1674,東京駅,栃木県庁１５階展望ロビー,130388,119,3770.0
0,1675,東京駅,花の店いしい,195354,160,5010.0
0,1676,東京駅,ストロベリーハウス,20585,43,530.0
0,1677,東京駅,サードプレイスキャンパー,8997,32,0
0,1678,東京駅,輪王寺,5602,20,0
0,1679,東京駅,大光寺,19436,36,650.0
0,1680,東京駅,うさぎのBell,136627,140,3080.0
0,1681,東京駅,レンタルサイクル okura bike,123253,112,3440.0
0,1682,東京駅,プライベートサウナ Noel,332342,253,7920.0
0,1683,東京駅,Omuche,149793,117,4400.0
0,1684,東京駅,駒ヶ根高原,238510,173,6040.0
0,1685,東京駅,榛名神社,14920,47,0
0,1686,東京駅,丹波渓谷,123789,126,2630.0
0,1687,東京駅,白糸の滝,4162,16,0
0,1688,東京駅,長谷寺,8593,32,0
0,1689,東京駅,長谷寺,8593,32,0
0,1690,東京駅,小淵沢アートヴィレッジリゾートアンドスパ,169170,130,4590.0
0,1691,東京駅,村上城跡,59197,56,1850.0
0,1692,東京駅,軽井沢絵本の森美術館／ピクチャレスク・ガーデン（ムーゼの森）,173856,140,5020.0
0,1693,東京駅,滝見台,3979,13,0
0,1694,東京駅,日光杉並木街道,62665,61,2340.0
0,1695,東京駅,世界遺産白神山地二ッ森コース,708800,553,14490.0
0,1696,東京駅,ファーストタクシーグループ,14806,46,0
0,1697,東京駅,ファーストヒット,24176,49,560.0
0,1698,東京駅,シェアスペースポットラック,165543,140,4360.0
0,1699,東京駅,西武　旅するレストラン「５２席の至福」,113781,116,3650.0
0,1700,東京駅,鈴木こけし工房（見学）,466102,352,9360.0
0,1701,東京駅,car-rental flow,23796,37,860.0
0,1702,東京駅,九十九里ハーブガーデン（キャンプ場）,74744,84,1750.0
0,1703,東京駅,屋形船みづき,494833,368,10890.0
0,1704,東京駅,ダイビングプロショップ ル・ポワソン,3689,14,0
0,1705,東京駅,アモアナダイビングスクール,120558,98,3740.0
0,1706,東京駅,伊豆スカイライン,134222,146,3080.0
0,1708,東京駅,修禅寺奥の院の阿字苑,152202,137,4100.0
0,1709,東京駅,十国峠,106765,99,2650.0
0,1711,東京駅,アタミ・ロープウェイ,116398,115,2650.0
0,1712,東京駅,お台場・浅草貸切クルージングシーシャンクス,1844,8,0
0,1715,東京駅,東海道GLASS,22578,39,660.0
0,1716,東京駅,Yamadaya,5221,21,0
0,1717,東京駅,豊丸,4801,18,0
0,1719,東京駅,eden,3773,14,0
0,1720,東京駅,ぐんまちゃん家,3345,11,0
0,1721,東京駅,ＳＬ大樹,30010,64,600.0
0,1722,東京駅,渋谷センター街,7711,24,0
0,1723,東京駅,日本大通り,36259,44,1300.0
0,1724,東京駅,明智平,174497,140,4420.0
0,1725,東京駅,竹下通り,7577,26,0
0,1726,東京駅,磯いちご園,110343,93,3410.0
0,1727,東京駅,巴波川と綱手道,106251,95,3260.0
0,1728,東京駅,大和カルバリーチャペル,40748,48,1410.0
0,1729,東京駅,江の島,59083,91,1570.0
0,1730,東京駅,大田区立萩中公園プール,18006,27,610.0
0,1731,東京駅,那須ロープウェイ,201612,165,5050.0
0,1734,東京駅,日本橋,1660,7,0
0,1735,東京駅,中央タクシー株式会社,3251,13,0
0,1736,東京駅,旅する果実「ワンドマーケット」,20348,32,600.0
0,1737,東京駅,北杜市,150047,116,4240.0
0,1738,東京駅,安曇野市,234397,174,5940.0
0,1739,東京駅,身延山ロープウェイ,185781,150,4520.0
0,1740,東京駅,山中湖,121706,107,3270.0
0,1741,東京駅,志賀高原,3221,13,0
0,1742,東京駅,河口湖,112464,94,3270.0
0,1743,東京駅,エヴァーグリーン・アウトドアーセンター,6043,22,0
0,1744,東京駅,軽井沢・プリンスショッピングプラザ,172546,139,5020.0
0,1745,東京駅,大佐渡スカイライン,443925,494,8370.0
0,1746,東京駅,WASO DESIGN か和る,6963,22,0
0,1747,東京駅,文化横丁,367654,268,8500.0
0,1748,東京駅,弁天島,268467,211,6440.0
0,1749,東京駅,中津川,309246,223,7320.0
0,1750,東京駅,陸奥湊駅前朝市,668899,474,14150.0
0,1751,東京駅,宮城蔵王,336895,246,7880.0
0,1752,東京駅,七ツ滝,125253,136,3650.0
0,1753,東京駅,いわき湯本温泉　さはこの湯,194988,150,5260.0
0,1754,東京駅,柳沼,10229,36,0
0,1755,東京駅,仙台銀座,367614,267,8500.0
0,1756,東京駅,安比高原,581935,408,12450.0
0,1757,東京駅,尻屋崎,803300,610,14630.0
0,1758,東京駅,銚子の滝,132260,140,3280.0
0,1759,東京駅,アップルロード,688364,487,14350.0
0,1760,東京駅,八幡平アスピーテライン（秋田県）,593256,423,12450.0
0,1761,東京駅,磐梯吾妻レークライン,292729,224,6880.0
0,1764,東京駅,十和田大館樹海ライン,640720,442,13750.0
0,1767,東京駅,鳥海ブルーライン（秋田県）,521125,390,11150.0
0,1768,東京駅,七日町通り,299158,220,7260.0
0,1769,東京駅,八幡平（秋田県）,633741,447,13350.0
0,1770,東京駅,西吾妻スカイバレー（山形県）,344405,270,7170.0